TIME,[name=Sensor_001|description=Dummy analogue sensor],[name=Sensor_002|description=Dummy analogue sensor],[name=Sensor_003|description=Dummy analogue sensor],[name=Sensor_004|description=Dummy analogue sensor],[name=Sensor_005|description=Dummy analogue sensor],[name=Digital_001|description=Dummy digital sensor|STATE_Low=0|STATE_Normal=1|STATE_High=2]
2019-01-06T13:25:58Z,55.82,56.27,43.29,56.74,60.38,1
2019-01-06T13:26:13Z,55.5,54.42,42.53,57.42,60.4,1
2019-01-06T13:26:28Z,54.12,54.07,41.25,58.08,60.88,1
2019-01-06T13:26:43Z,52.84,52.47,40.22,56.84,62.02,1
2019-01-06T13:26:58Z,51.04,53.41,40.48,56.15,62.01,1
2019-01-06T13:27:13Z,49.98,52.6,41.58,56.09,61.31,1
2019-01-06T13:27:28Z,49.64,51.96,40.75,55.11,62.34,1
2019-01-06T13:27:43Z,51.65,53.18,39.65,56.69,62.8,1
2019-01-06T13:27:58Z,53.49,53.26,38.9,57.63,63.93,1
2019-01-06T13:28:13Z,55.42,53.83,37.68,56.78,63.71,1
2019-01-06T13:28:28Z,55.89,52.55,38.89,57.97,62.99,1
2019-01-06T13:28:43Z,57.8,52.7,39.76,59.51,63.14,1
2019-01-06T13:28:58Z,57.81,54.23,39.22,58.06,62.79,1
2019-01-06T13:29:13Z,58.83,55.67,37.36,56.9,63.73,1
2019-01-06T13:29:28Z,56.85,55.75,37.73,58.17,62.85,1
2019-01-06T13:29:43Z,56.29,57.54,36.52,57.7,63.57,1
2019-01-06T13:29:58Z,54.73,58.32,36.98,58.32,63.68,1
2019-01-06T13:30:13Z,55.99,59.58,36.68,57.47,62.89,1
2019-01-06T13:30:28Z,56.01,59.76,35.2,57.86,63.97,1
2019-01-06T13:30:43Z,55.7,60.34,36.96,57.29,63.82,1
2019-01-06T13:30:58Z,55.72,61.16,36.51,56.33,64.31,1
2019-01-06T13:31:13Z,55.24,59.5,37.77,57.44,65.34,1
2019-01-06T13:31:28Z,56.09,61.02,37.34,56.18,65.51,1
2019-01-06T13:31:43Z,57.45,62.47,38.56,56.76,64.68,1
2019-01-06T13:31:58Z,59.24,60.72,37.57,56.53,64.68,1
2019-01-06T13:32:13Z,58.33,61.84,38.05,56.88,65.4,1
2019-01-06T13:32:28Z,56.84,63.21,38.1,56.63,64.25,1
2019-01-06T13:32:43Z,55.2,64.58,37.01,55.96,64.66,1
2019-01-06T13:32:58Z,54.97,63.71,35.97,56.24,64.87,1
2019-01-06T13:33:13Z,54.8,62.45,37.5,55.18,65.5,1
2019-01-06T13:33:28Z,53.05,63.24,35.86,53.83,65.5,1
2019-01-06T13:33:43Z,51.06,63.76,36.31,53.26,65.9,1
2019-01-06T13:33:58Z,53.44,62.47,36.07,53.82,66.71,1
2019-01-06T13:34:13Z,53.35,64.28,34.37,53.39,66.33,1
2019-01-06T13:34:28Z,52.49,66.01,33.4,54.68,66.38,1
2019-01-06T13:34:43Z,54.35,66.81,33.1,53.37,65.7,1
2019-01-06T13:34:58Z,54.56,66.85,33.4,52.91,65.12,1
2019-01-06T13:35:13Z,53.37,66.21,33.9,54.37,65.84,1
2019-01-06T13:35:28Z,54.12,66.82,32.44,52.87,65.87,1
2019-01-06T13:35:43Z,55.17,67.25,30.96,51.31,64.7,1
2019-01-06T13:35:58Z,57.08,68.48,31.4,52.64,64.87,1
2019-01-06T13:36:13Z,59.45,67.55,30.09,52.88,65.45,1
2019-01-06T13:36:28Z,58.07,66.69,29.23,51.35,64.62,1
2019-01-06T13:36:43Z,59.01,67.62,30.27,52.27,64.2,1
2019-01-06T13:36:58Z,60.86,67.78,30.38,51.2,65.3,1
2019-01-06T13:37:13Z,61.5,68.95,29.59,52.35,65.25,1
2019-01-06T13:37:28Z,60.77,68.56,28.07,52.25,66.38,1
2019-01-06T13:37:43Z,61.8,70.2,29.86,53.57,67.5,1
2019-01-06T13:37:58Z,63.65,71.95,28.27,54.27,68.56,1
2019-01-06T13:38:13Z,63.27,72.2,27.69,53.77,68.32,1
2019-01-06T13:38:28Z,64.5,73.21,29.04,55.17,67.37,1
2019-01-06T13:38:43Z,63.73,71.78,30.69,55.91,66.37,1
2019-01-06T13:38:58Z,64.95,71.18,30.15,56.56,65.47,1
2019-01-06T13:39:13Z,64.67,69.98,28.47,55.49,65.34,1
2019-01-06T13:39:28Z,62.65,68.43,30.17,55.17,64.93,1
2019-01-06T13:39:43Z,62.84,70.13,32,54.67,65.08,1
2019-01-06T13:39:58Z,60.76,69.79,31.39,55.63,65.63,1
2019-01-06T13:40:13Z,61.37,70.61,31.07,56.12,66.8,1
2019-01-06T13:40:28Z,59.73,69.97,31.79,55.5,67.04,1
2019-01-06T13:40:43Z,60.01,69.77,32.14,54.83,66.66,1
2019-01-06T13:40:58Z,58.73,69.56,32.46,54.44,66.82,1
2019-01-06T13:41:13Z,57.89,69.91,33.17,53.75,66.72,1
2019-01-06T13:41:28Z,59.44,69.61,34.99,53.28,67.77,1
2019-01-06T13:41:43Z,61,69.41,33.51,52.13,68.06,1
2019-01-06T13:41:58Z,62.45,70.81,32.68,53.13,68.41,1
2019-01-06T13:42:13Z,64.03,72.24,33.44,52.98,68.05,1
2019-01-06T13:42:28Z,61.67,71.41,35.18,52.46,67.69,1
2019-01-06T13:42:43Z,62.77,72.19,35.23,52.26,67.46,1
2019-01-06T13:42:58Z,60.49,70.44,35.31,53.11,68.17,1
2019-01-06T13:43:13Z,58.62,70.59,36.5,54.43,68.71,1
2019-01-06T13:43:28Z,57.2,68.73,36.52,55.62,69.02,1
2019-01-06T13:43:43Z,56.04,68.92,37.39,56.26,69.68,1
2019-01-06T13:43:58Z,56,68.92,38.26,56.09,70.67,1
2019-01-06T13:44:13Z,53.95,67.68,38.18,56.6,71.66,1
2019-01-06T13:44:28Z,55.61,66.72,38.16,57.65,71.61,1
2019-01-06T13:44:43Z,56.07,64.85,36.68,56.39,70.68,1
2019-01-06T13:44:58Z,57.3,63.18,36.21,55.43,71.63,1
2019-01-06T13:45:13Z,56.43,63.49,36.36,54.01,71.37,1
2019-01-06T13:45:28Z,58.1,63.91,34.49,54.95,71.51,1
2019-01-06T13:45:43Z,58.83,63.89,34.77,56.03,72.64,1
2019-01-06T13:45:58Z,57.02,64.97,35.36,56.25,71.93,1
2019-01-06T13:46:13Z,57.97,66.19,36.22,56.16,72.59,1
2019-01-06T13:46:28Z,56.3,64.89,34.97,54.67,71.44,1
2019-01-06T13:46:43Z,55.63,63.06,34.87,55.1,70.44,1
2019-01-06T13:46:58Z,53.42,62.41,36.13,53.82,69.67,1
2019-01-06T13:47:13Z,52.36,62.38,35.34,54.14,69.66,1
2019-01-06T13:47:28Z,50.97,64.05,35.32,54.89,70.16,1
2019-01-06T13:47:43Z,50.75,64.62,34.36,54.5,69.82,1
2019-01-06T13:47:58Z,51.2,66.46,35.49,55.42,69.92,1
2019-01-06T13:48:13Z,51.83,67.49,36.39,55.47,69.7,1
2019-01-06T13:48:28Z,49.74,68.78,35.38,56,70.77,1
2019-01-06T13:48:43Z,48.08,67.96,35.63,56.4,71.15,1
2019-01-06T13:48:58Z,49.89,68.97,34.57,55.17,70.13,1
2019-01-06T13:49:13Z,52.41,70.06,33.75,55.23,70,1
2019-01-06T13:49:28Z,53.95,68.37,34.89,53.99,69.61,1
2019-01-06T13:49:43Z,53.49,66.84,33.11,54.75,69.6,1
2019-01-06T13:49:58Z,55.01,66.75,31.82,54.59,68.78,1
2019-01-06T13:50:13Z,57.27,66.58,33,53.1,68.02,1
2019-01-06T13:50:28Z,56.54,66.56,34.67,53.94,67.56,1
2019-01-06T13:50:43Z,55.6,66.79,33,54.64,66.64,1
2019-01-06T13:50:58Z,55,65.82,32.73,55.02,67.08,1
2019-01-06T13:51:13Z,54.09,66.4,34.39,55.11,66.77,1
2019-01-06T13:51:28Z,56.61,65.88,33.72,56.07,67.18,1
2019-01-06T13:51:43Z,54.76,64.52,32.6,56.93,67.68,1
2019-01-06T13:51:58Z,54.84,63.5,32.67,58.36,68.62,1
2019-01-06T13:52:13Z,54.37,64.95,32.15,57.2,68.11,1
2019-01-06T13:52:28Z,53.9,65.7,30.66,58.49,68.86,1
2019-01-06T13:52:43Z,54.93,65.68,31.55,57.16,69.24,1
2019-01-06T13:52:58Z,55.27,67.4,32.33,56.38,69.24,1
2019-01-06T13:53:13Z,57.5,68.3,31.4,57.3,68.66,1
2019-01-06T13:53:28Z,55.8,68.75,31.37,56.44,68.38,1
2019-01-06T13:53:43Z,56.23,69.4,29.94,56.43,68.79,1
2019-01-06T13:53:58Z,54.29,70.71,28.87,55.18,68.47,1
2019-01-06T13:54:13Z,52.21,69.07,28.25,54.25,68.82,1
2019-01-06T13:54:28Z,54.61,69.27,29.2,53.73,69.36,1
2019-01-06T13:54:43Z,53.81,70.82,31.09,53.32,69.7,1
2019-01-06T13:54:58Z,54.15,69.89,30.98,54.23,68.61,1
2019-01-06T13:55:13Z,55.72,69.87,31.25,54.88,67.73,1
2019-01-06T13:55:28Z,57.4,69.67,32.27,54.29,67.93,1
2019-01-06T13:55:43Z,59.39,70.83,33.66,53.74,68.6,1
2019-01-06T13:55:58Z,61.65,69.91,33.65,53.11,67.82,1
2019-01-06T13:56:13Z,61,69.21,32.82,52,67.74,1
2019-01-06T13:56:28Z,58.84,68.06,33.98,52.35,68.74,1
2019-01-06T13:56:43Z,59.89,67.39,32.88,51.98,69.17,1
2019-01-06T13:56:58Z,61.78,68.13,33.89,52.11,69.06,1
2019-01-06T13:57:13Z,59.3,67.79,32.72,52.75,68.49,1
2019-01-06T13:57:28Z,58.29,68.02,31.83,53.36,69.18,1
2019-01-06T13:57:43Z,57.46,66.56,31.09,54.36,68.61,1
2019-01-06T13:57:58Z,57.32,66.31,30.61,54.82,68.64,1
2019-01-06T13:58:13Z,55.52,67.23,32.49,55.5,69.65,1
2019-01-06T13:58:28Z,54.49,67.47,31.07,55.38,70.31,1
2019-01-06T13:58:43Z,52.77,65.86,30.64,56.56,71.04,1
2019-01-06T13:58:58Z,54.64,64.15,30.87,55.67,71.71,1
2019-01-06T13:59:13Z,52.35,64.77,31.88,55.39,72.76,1
2019-01-06T13:59:28Z,52.39,62.99,30.53,53.96,71.89,1
2019-01-06T13:59:43Z,52.41,62.24,30.17,55.14,71.42,1
2019-01-06T13:59:58Z,51.18,63.42,28.5,55.21,72.54,1
2019-01-06T14:00:13Z,49.01,61.57,27.3,54.11,73.05,1
2019-01-06T14:00:28Z,49.61,62.14,27.46,54.72,72.51,1
2019-01-06T14:00:43Z,48.86,62.95,25.9,53.22,72.34,1
2019-01-06T14:00:58Z,50.92,61.72,24.44,52.44,71.77,1
2019-01-06T14:01:13Z,51.66,59.96,22.55,51.34,71.95,1
2019-01-06T14:01:28Z,51.13,59.5,20.91,50.97,71.21,1
2019-01-06T14:01:43Z,50.79,58.06,21.68,50.54,71.84,1
2019-01-06T14:01:58Z,51.03,59.61,21.45,50.77,72.07,1
2019-01-06T14:02:13Z,49.33,60.71,22.71,49.71,71.24,1
2019-01-06T14:02:28Z,49.2,59.53,22.33,48.28,70.8,1
2019-01-06T14:02:43Z,51.55,60.93,20.82,49.27,71.93,1
2019-01-06T14:02:58Z,50.11,59.5,20.94,47.7,72.18,1
2019-01-06T14:03:13Z,51.25,59.11,22.35,48.46,71.71,1
2019-01-06T14:03:28Z,52.41,57.48,23.29,49.24,71.74,1
2019-01-06T14:03:43Z,54.36,59.1,24.55,50.35,71.05,1
2019-01-06T14:03:58Z,55.88,57.3,26.05,51.71,70.03,1
2019-01-06T14:04:13Z,58.27,56.86,24.88,53.25,70.83,1
2019-01-06T14:04:28Z,58.14,57.96,24.15,51.92,69.71,1
2019-01-06T14:04:43Z,56.45,59.42,25.04,53.18,70.15,1
2019-01-06T14:04:58Z,57.23,60.46,24.2,53.43,69.39,1
2019-01-06T14:05:13Z,54.84,59.24,24.3,54.93,68.62,1
2019-01-06T14:05:28Z,54.95,61,24.71,55.36,68.69,1
2019-01-06T14:05:43Z,57.42,62.09,24.19,55.39,68.27,1
2019-01-06T14:05:58Z,56.61,60.33,25.8,56.19,68.12,1
2019-01-06T14:06:13Z,55.39,61.52,27.57,55.35,69.14,1
2019-01-06T14:06:28Z,53.19,61.54,26.49,55.63,70.05,1
2019-01-06T14:06:43Z,55.14,59.66,28.29,54.1,70.85,1
2019-01-06T14:06:58Z,54,59.53,28.14,53.78,70.04,1
2019-01-06T14:07:13Z,56.03,59.48,29.11,53.55,70.88,1
2019-01-06T14:07:28Z,55.22,60.43,29.84,52.48,71.46,1
2019-01-06T14:07:43Z,53.97,60.48,29.33,52.35,71.81,1
2019-01-06T14:07:58Z,56.28,59.27,27.95,51.44,71.68,1
2019-01-06T14:08:13Z,54.17,57.77,27.19,52.85,71.23,1
2019-01-06T14:08:28Z,53.87,56.66,25.38,54.03,71.24,1
2019-01-06T14:08:43Z,52.44,57.73,26.09,53.65,70.19,1
2019-01-06T14:08:58Z,52.63,59.6,27.63,53.04,69.11,1
2019-01-06T14:09:13Z,53.85,58.43,27.96,53.83,70.17,1
2019-01-06T14:09:28Z,54.61,57.53,28.02,55.3,71.16,1
2019-01-06T14:09:43Z,54.61,56.74,27.82,54.61,71.71,1
2019-01-06T14:09:58Z,54.93,55.34,28.74,53.49,72.71,1
2019-01-06T14:10:13Z,52.7,55.43,30.55,55.06,72.55,1
2019-01-06T14:10:28Z,51.62,55.52,32.4,56.57,73.19,1
2019-01-06T14:10:43Z,52.28,54.22,31.13,57.53,73.76,1
2019-01-06T14:10:58Z,52.05,54.27,29.26,57.15,73.08,1
2019-01-06T14:11:13Z,52.99,53.23,28.64,56.09,72.48,1
2019-01-06T14:11:28Z,54.97,52.56,27.4,56.96,72.7,1
2019-01-06T14:11:43Z,52.67,51.74,29.01,57.64,73.17,1
2019-01-06T14:11:58Z,50.8,52.61,28.6,57.54,73.4,1
2019-01-06T14:12:13Z,52,53.68,29.65,57.2,73.51,1
2019-01-06T14:12:28Z,52.65,52.98,27.79,56.67,72.6,1
2019-01-06T14:12:43Z,51.28,53.87,28.45,56.89,71.5,1
2019-01-06T14:12:58Z,51.45,54.5,29.75,57.86,72.5,1
2019-01-06T14:13:13Z,50.02,53.17,28.67,57.74,73.63,1
2019-01-06T14:13:28Z,49.35,51.59,27.18,58.2,73.2,1
2019-01-06T14:13:43Z,46.81,50.94,27.12,58.27,73.14,1
2019-01-06T14:13:58Z,45.67,50.17,28.85,58.86,72.72,1
2019-01-06T14:14:13Z,47.67,50.61,29.92,58.06,72.5,1
2019-01-06T14:14:28Z,48.63,51.98,30.7,59.38,71.91,1
2019-01-06T14:14:43Z,50.53,50.81,30.68,59.83,71.18,1
2019-01-06T14:14:58Z,48.38,50.09,29.24,58.99,71.3,1
2019-01-06T14:15:13Z,46.92,48.55,30.08,58.14,72.36,1
2019-01-06T14:15:28Z,46,47.48,31.52,58.48,72.21,1
2019-01-06T14:15:43Z,48.54,47.15,29.82,58.81,72.49,1
2019-01-06T14:15:58Z,49.92,49.03,31,57.67,71.73,1
2019-01-06T14:16:13Z,49.41,49.91,31.3,56.37,71.49,1
2019-01-06T14:16:28Z,49.02,50.69,30.81,57.59,72.44,1
2019-01-06T14:16:43Z,46.88,49.42,32.55,58.66,72.54,1
2019-01-06T14:16:58Z,44.48,50.06,31.57,58.29,72.65,1
2019-01-06T14:17:13Z,43,49.06,29.78,56.71,72.38,1
2019-01-06T14:17:28Z,44.47,47.54,28.28,56.22,71.32,1
2019-01-06T14:17:43Z,45.7,48.09,29.65,56.83,70.41,1
2019-01-06T14:17:58Z,43.54,49.73,29.51,56.42,70.11,1
2019-01-06T14:18:13Z,41.76,50.74,29.01,55.54,69.23,1
2019-01-06T14:18:28Z,42.8,49.67,27.18,57.11,68.71,1
2019-01-06T14:18:43Z,42.8,49.83,28.59,56.09,68.89,1
2019-01-06T14:18:58Z,41.35,51.67,27.35,54.87,69.84,1
2019-01-06T14:19:13Z,42.45,52.93,25.72,53.83,70.61,1
2019-01-06T14:19:28Z,43.83,51.2,26.64,52.24,71.79,1
2019-01-06T14:19:43Z,46.24,52.06,27.91,52.34,72.64,1
2019-01-06T14:19:58Z,45.62,52.01,26.51,53.47,73.72,1
2019-01-06T14:20:13Z,43.51,53.88,26.02,53.9,74.02,1
2019-01-06T14:20:28Z,44.24,55.25,24.44,54.42,74.34,1
2019-01-06T14:20:43Z,44.18,56.21,23.37,54.35,75.45,1
2019-01-06T14:20:58Z,42.21,54.53,23.18,54.4,75.76,1
2019-01-06T14:21:13Z,43.41,54.67,22.41,55.6,75.49,1
2019-01-06T14:21:28Z,43.64,55.92,21.28,56.68,76.37,1
2019-01-06T14:21:43Z,41.97,56.01,21.22,55.53,75.7,1
2019-01-06T14:21:58Z,40.64,56.18,20.18,56.5,76.53,1
2019-01-06T14:22:13Z,40.47,54.99,18.57,55.93,75.77,1
2019-01-06T14:22:28Z,41.48,53.82,17.9,55.24,76.18,1
2019-01-06T14:22:43Z,39.98,54.67,18.76,55.14,76.08,0
2019-01-06T14:22:58Z,37.83,53.32,17.39,53.57,76.34,0
2019-01-06T14:23:13Z,36.15,53.15,18.72,54.19,75.44,0
2019-01-06T14:23:28Z,38.11,52.92,17.47,54.61,75.14,0
2019-01-06T14:23:43Z,37.88,53.95,19.17,53.25,74.26,0
2019-01-06T14:23:58Z,36.44,55.27,17.56,53.04,74.54,0
2019-01-06T14:24:13Z,37.16,53.82,19.29,54.08,74.04,0
2019-01-06T14:24:28Z,38.87,52.28,19.02,55.53,73.6,0
2019-01-06T14:24:43Z,37.41,52.5,19.3,56.05,72.76,0
2019-01-06T14:24:58Z,36.6,51.05,18.2,55.73,72.64,0
2019-01-06T14:25:13Z,37.92,50.24,19.25,55.71,73.42,0
2019-01-06T14:25:28Z,36.17,49.26,19.73,55.02,72.78,0
2019-01-06T14:25:43Z,37.15,50.56,20.67,53.53,72.67,0
2019-01-06T14:25:58Z,35.64,50.2,20.74,54.77,72.93,0
2019-01-06T14:26:13Z,37.98,50.72,19.46,54.36,73.44,0
2019-01-06T14:26:28Z,39.73,51.7,18.33,55.19,73.5,0
2019-01-06T14:26:43Z,38.48,53.32,18.56,55.28,74.02,0
2019-01-06T14:26:58Z,37.91,53.02,18.15,55.44,73.39,0
2019-01-06T14:27:13Z,35.61,52.1,16.34,55.91,72.88,0
2019-01-06T14:27:28Z,35.52,51.15,14.89,54.75,73.43,0
2019-01-06T14:27:43Z,33.38,51.36,14.98,53.82,74.43,0
2019-01-06T14:27:58Z,33.2,51.69,15.82,53.77,73.43,0
2019-01-06T14:28:13Z,31.79,50.43,15,54.71,73.34,0
2019-01-06T14:28:28Z,34.25,51.26,14.16,53.26,72.4,0
2019-01-06T14:28:43Z,36.42,53.08,15.78,53.09,71.61,0
2019-01-06T14:28:58Z,38.61,51.19,15.87,54.58,72.25,0
2019-01-06T14:29:13Z,40.64,50.98,17.65,55.75,71.84,1
2019-01-06T14:29:28Z,41.67,49.95,19.37,56.22,70.78,1
2019-01-06T14:29:43Z,42.56,49.96,20.12,56.95,70.84,1
2019-01-06T14:29:58Z,45.1,50.24,20.12,58,70.62,1
2019-01-06T14:30:13Z,44.1,50.26,18.96,57.56,70.12,1
2019-01-06T14:30:28Z,43.33,50.43,17.44,57.99,71.14,1
2019-01-06T14:30:43Z,42.83,51.38,18.48,56.48,70.23,1
2019-01-06T14:30:58Z,41.55,51.51,19.6,57.41,70.85,1
2019-01-06T14:31:13Z,40.21,51.74,20.82,56.45,70.79,1
2019-01-06T14:31:28Z,38.88,50.72,20.61,57.43,71.22,0
2019-01-06T14:31:43Z,37.1,51.57,20.92,56.53,70.04,0
2019-01-06T14:31:58Z,35.79,52.96,19.58,57.61,69.78,0
2019-01-06T14:32:13Z,36.61,51.65,19.36,57.28,70.93,0
2019-01-06T14:32:28Z,36.56,52.7,19.83,56.66,71.97,0
2019-01-06T14:32:43Z,34.66,51.61,20.64,57.96,72.44,0
2019-01-06T14:32:58Z,35.59,52.57,22.15,57.89,73.32,0
2019-01-06T14:33:13Z,37.57,52.19,21.12,56.42,72.33,0
2019-01-06T14:33:28Z,39.3,50.54,22.75,57.97,72.76,0
2019-01-06T14:33:43Z,39.44,50.27,22.63,57.18,72.63,0
2019-01-06T14:33:58Z,41.48,50.63,23.01,56.98,73.78,1
2019-01-06T14:34:13Z,39.89,50.21,21.86,56.12,74.14,0
2019-01-06T14:34:28Z,41.41,49.56,21.82,55.76,74.2,1
2019-01-06T14:34:43Z,40.67,48,21.8,57.19,74.64,1
2019-01-06T14:34:58Z,39.43,49.74,20.86,58.42,74.74,0
2019-01-06T14:35:13Z,40.29,50.11,21.33,58.34,75.72,1
2019-01-06T14:35:28Z,40.89,48.73,20,57.33,74.71,1
2019-01-06T14:35:43Z,39.37,47.92,20.47,56.88,75.58,0
2019-01-06T14:35:58Z,39.2,47.36,21.14,57.77,74.4,0
2019-01-06T14:36:13Z,39.86,47.73,22.55,59.15,75.45,0
2019-01-06T14:36:28Z,37.74,45.85,23.12,57.68,75.49,0
2019-01-06T14:36:43Z,36.58,46.1,22.78,57.84,74.73,0
2019-01-06T14:36:58Z,36.54,47.47,24.04,58.55,73.96,0
2019-01-06T14:37:13Z,38.25,46.14,22.62,57,74.45,0
2019-01-06T14:37:28Z,36.12,45.52,21.43,55.96,75.46,0
2019-01-06T14:37:43Z,35.77,44.04,20.34,55.28,75.31,0
2019-01-06T14:37:58Z,33.64,44.2,21.16,55.26,74.75,0
2019-01-06T14:38:13Z,31.9,43.52,21.76,55,74.85,0
2019-01-06T14:38:28Z,33.3,44.22,23.19,54.79,74.44,0
2019-01-06T14:38:43Z,32.45,43.75,22.24,53.32,73.49,0
2019-01-06T14:38:58Z,32.33,44.27,23.77,54.39,72.41,0
2019-01-06T14:39:13Z,33.82,44.01,22.54,53.24,73.02,0
2019-01-06T14:39:28Z,33.06,42.78,23.96,51.66,73.59,0
2019-01-06T14:39:43Z,32.56,44.41,23.94,52,73.12,0
2019-01-06T14:39:58Z,35.09,42.72,22.62,52.05,73.37,0
2019-01-06T14:40:13Z,36.18,44.38,22.02,51.27,72.64,0
2019-01-06T14:40:28Z,34.51,43.38,21.63,50.74,72.9,0
2019-01-06T14:40:43Z,36.36,44.63,23.42,49.29,73.76,0
2019-01-06T14:40:58Z,36.42,43.6,24.93,49.06,74.42,0
2019-01-06T14:41:13Z,34.46,43.63,23.75,49.49,73.84,0
2019-01-06T14:41:28Z,36.56,42.26,21.98,49.61,74.91,0
2019-01-06T14:41:43Z,39.09,43.85,21.28,48.49,75.07,0
2019-01-06T14:41:58Z,36.61,43.22,19.98,49.14,74.61,0
2019-01-06T14:42:13Z,35.66,45.05,18.65,47.67,74.83,0
2019-01-06T14:42:28Z,33.82,45.51,18.31,47.42,75.38,0
2019-01-06T14:42:43Z,32.84,44.13,19.19,48.22,74.63,0
2019-01-06T14:42:58Z,31.14,44.14,17.56,49.68,75.11,0
2019-01-06T14:43:13Z,29.75,45.26,18.07,49.88,76.11,0
2019-01-06T14:43:28Z,30.11,45.6,17.98,51.24,76.34,0
2019-01-06T14:43:43Z,32.04,46.38,16.23,50.5,76.66,0
2019-01-06T14:43:58Z,31.4,46.2,15.22,49.51,77.61,0
2019-01-06T14:44:13Z,33.55,45.88,16.1,48.72,77.63,0
2019-01-06T14:44:28Z,31.68,46.33,17.56,49.28,78.75,0
2019-01-06T14:44:43Z,33.16,47.51,17.47,49.26,77.91,0
2019-01-06T14:44:58Z,34.17,48.19,17.38,48.59,78.13,0
2019-01-06T14:45:13Z,34.71,49.29,17.23,49.08,78.3,0
2019-01-06T14:45:28Z,34.38,48.39,19.03,48.02,79.05,0
2019-01-06T14:45:43Z,33.44,49.83,17.56,49.62,79.5,0
2019-01-06T14:45:58Z,34.04,48.28,18.58,50.54,79.95,0
2019-01-06T14:46:13Z,35.83,49.14,17.35,52.05,79.79,0
2019-01-06T14:46:28Z,38,50,18.96,50.6,80.9,0
2019-01-06T14:46:43Z,36.37,49.39,17.73,49.18,81.24,0
2019-01-06T14:46:58Z,36.65,50.07,16.12,50.63,81.05,0
2019-01-06T14:47:13Z,38.84,51.52,15.16,49.65,81.41,0
2019-01-06T14:47:28Z,36.73,49.63,13.72,49.38,81.44,0
2019-01-06T14:47:43Z,35.99,49.71,13.95,50.53,82.03,0
2019-01-06T14:47:58Z,35.38,49.61,12.83,49.58,81.78,0
2019-01-06T14:48:13Z,32.9,48.12,14.45,48.83,82.47,0
2019-01-06T14:48:28Z,33.17,49.44,14.93,47.59,81.92,0
2019-01-06T14:48:43Z,31.4,49.51,15.01,48.08,82.36,0
2019-01-06T14:48:58Z,32.59,49.14,14.71,48.52,82.42,0
2019-01-06T14:49:13Z,33.03,48.33,15.72,47.2,82.8,0
2019-01-06T14:49:28Z,30.81,49.41,15.03,46.38,82.61,0
2019-01-06T14:49:43Z,32.73,51.03,14.83,45.5,82.35,0
2019-01-06T14:49:58Z,33.68,51.4,13.98,44.48,81.3,0
2019-01-06T14:50:13Z,34.37,51.58,13.35,43.74,80.61,0
2019-01-06T14:50:28Z,33.29,52.58,14.65,43.97,79.7,0
2019-01-06T14:50:43Z,34.75,50.83,15.77,43.51,80.86,0
2019-01-06T14:50:58Z,36.5,49.91,15.46,42.49,80.9,0
2019-01-06T14:51:13Z,38.34,48.23,13.88,43.2,80.35,0
2019-01-06T14:51:28Z,35.86,48.96,12.28,42.44,80.02,0
2019-01-06T14:51:43Z,37.05,49.83,13.51,42.15,79.81,0
2019-01-06T14:51:58Z,35.49,48.82,13.34,41.91,78.64,0
2019-01-06T14:52:13Z,35.26,47.37,12.18,40.51,78.6,0
2019-01-06T14:52:28Z,33.52,48.87,13.81,39.33,78.99,0
2019-01-06T14:52:43Z,35.97,48.38,13.48,37.93,79.52,0
2019-01-06T14:52:58Z,37.72,48.48,15.14,38.63,79.43,0
2019-01-06T14:53:13Z,39.59,46.82,14.96,37.39,80.18,0
2019-01-06T14:53:28Z,39.67,48.35,14.51,36.76,80.08,0
2019-01-06T14:53:43Z,39.81,49.56,13.72,37.43,78.92,0
2019-01-06T14:53:58Z,39.55,49.13,13.41,37.9,79.51,0
2019-01-06T14:54:13Z,41.64,50.53,11.67,38.04,78.39,1
2019-01-06T14:54:28Z,39.69,50.62,11.9,38.36,77.89,0
2019-01-06T14:54:43Z,38.81,51.75,11.87,39.21,78.19,0
2019-01-06T14:54:58Z,38.29,50.76,13.48,39.85,78.47,0
2019-01-06T14:55:13Z,38.22,49.04,14.86,39.07,79.54,0
2019-01-06T14:55:28Z,39.25,48.49,16.53,40.15,78.49,0
2019-01-06T14:55:43Z,39.78,47.31,17.44,39.02,78.23,0
2019-01-06T14:55:58Z,39.29,48.53,16.26,40.44,78.8,0
2019-01-06T14:56:13Z,38.93,50.14,17.08,39.91,79.61,0
2019-01-06T14:56:28Z,40.93,51.46,18.12,41.2,79.52,1
2019-01-06T14:56:43Z,40.02,51.87,16.83,40.64,79,1
2019-01-06T14:56:58Z,38.95,50.95,18.41,40.62,77.93,0
2019-01-06T14:57:13Z,38.87,51.49,18.17,42.18,77.34,0
2019-01-06T14:57:28Z,38.01,51.95,19.83,41.44,76.63,0
2019-01-06T14:57:43Z,39.27,50.09,19.05,40.01,76.6,0
2019-01-06T14:57:58Z,41.06,49.13,20.89,38.49,75.63,1
2019-01-06T14:58:13Z,39.48,49.29,21.65,37.87,75.96,0
2019-01-06T14:58:28Z,41.51,50.12,20.26,37.26,76.18,1
2019-01-06T14:58:43Z,39.95,48.36,20.66,36.18,75.12,0
2019-01-06T14:58:58Z,41.67,47.7,20,37.11,74.61,1
2019-01-06T14:59:13Z,42.93,47.01,20.79,37.56,74.02,1
2019-01-06T14:59:28Z,42.6,48.46,19.14,38.34,74.18,1
2019-01-06T14:59:43Z,42.85,49,20.22,38.82,75.04,1
2019-01-06T14:59:58Z,42.68,48.08,18.88,38.93,74.83,1
2019-01-06T15:00:13Z,43.52,49.96,19.2,39.67,74.17,1
2019-01-06T15:00:28Z,41.9,48.73,19.92,38.65,74.16,1
2019-01-06T15:00:43Z,41.7,49.23,20.48,39.34,74.82,1
2019-01-06T15:00:58Z,43.02,49.57,18.82,38.49,74.72,1
2019-01-06T15:01:13Z,41.18,47.84,20.42,37.4,74.7,1
2019-01-06T15:01:28Z,39.87,47.63,19.2,35.94,74.34,0
2019-01-06T15:01:43Z,41.36,47.09,18.57,37.4,73.71,1
2019-01-06T15:01:58Z,43.15,47.29,19.36,37.35,74.41,1
2019-01-06T15:02:13Z,45.63,47.51,19,38.41,73.75,1
2019-01-06T15:02:28Z,44.23,46.32,17.51,38.45,73.45,1
2019-01-06T15:02:43Z,44.3,45.48,18.7,39.16,72.82,1
2019-01-06T15:02:58Z,45.71,43.67,18.31,38.93,71.72,1
2019-01-06T15:03:13Z,44.39,44.31,19.8,39.97,70.76,1
2019-01-06T15:03:28Z,42.72,43.24,20.69,40,70.83,1
2019-01-06T15:03:43Z,42.16,41.37,20.7,41.1,71.19,1
2019-01-06T15:03:58Z,42.43,41.94,20.87,39.92,70.94,1
2019-01-06T15:04:13Z,41.59,43.07,19.69,38.7,70.47,1
2019-01-06T15:04:28Z,41.89,44.18,21.24,38.78,70.83,1
2019-01-06T15:04:43Z,43.17,44.91,22.37,37.92,71.67,1
2019-01-06T15:04:58Z,43.76,43.36,22.62,37.95,71.06,1
2019-01-06T15:05:13Z,42.74,44.94,22.01,38.94,71.75,1
2019-01-06T15:05:28Z,40.57,44.02,23.21,39.84,72.61,1
2019-01-06T15:05:43Z,41.01,45.79,21.41,38.4,72.22,1
2019-01-06T15:05:58Z,43.14,45.47,22.77,39.83,73.18,1
2019-01-06T15:06:13Z,43.05,44,20.95,38.5,72.21,1
2019-01-06T15:06:28Z,40.69,45.65,19.48,38.78,71.85,1
2019-01-06T15:06:43Z,43.23,46.65,17.94,37.65,72.68,1
2019-01-06T15:06:58Z,43.93,46.69,17.7,36.64,71.65,1
2019-01-06T15:07:13Z,44.12,48.3,17.81,36.53,70.72,1
2019-01-06T15:07:28Z,45.34,49.13,16.08,35.47,71.24,1
2019-01-06T15:07:43Z,43.25,48.27,14.34,36.13,72.13,1
2019-01-06T15:07:58Z,41.7,48.52,16.21,35.46,72.67,1
2019-01-06T15:08:13Z,42.1,47.87,14.79,36,73.25,1
2019-01-06T15:08:28Z,43.13,46.43,14.47,35.55,73.88,1
2019-01-06T15:08:43Z,42.44,48.01,16.17,35.76,74.98,1
2019-01-06T15:08:58Z,43.45,46.19,14.71,37.31,74.69,1
2019-01-06T15:09:13Z,42.06,45.35,13.16,36.13,73.79,1
2019-01-06T15:09:28Z,42.14,45.23,13.63,34.68,74.8,1
2019-01-06T15:09:43Z,43.84,43.36,14.37,34.86,75.34,1
2019-01-06T15:09:58Z,45.59,44.3,13.75,35.65,74.77,1
2019-01-06T15:10:13Z,43.97,42.47,15.64,36.2,75.29,1
2019-01-06T15:10:28Z,44.23,43.57,16.2,37.21,74.77,1
2019-01-06T15:10:43Z,46.27,44.64,17.25,38.62,73.76,1
2019-01-06T15:10:58Z,46.16,44.95,16.91,38.58,72.99,1
2019-01-06T15:11:13Z,48.42,46.71,15.56,39.18,72.72,1
2019-01-06T15:11:28Z,49.18,44.82,16.84,39.48,72.41,1
2019-01-06T15:11:43Z,48.83,43.56,17.56,41.01,73.34,1
2019-01-06T15:11:58Z,50.58,43.12,19.15,40.51,73.72,1
2019-01-06T15:12:13Z,49.92,42.38,20.82,39.96,73.97,1
2019-01-06T15:12:28Z,50.39,40.7,20.35,40.02,72.9,1
2019-01-06T15:12:43Z,48.9,41.35,18.67,38.49,73.55,1
2019-01-06T15:12:58Z,49.37,40.04,17.85,36.98,74.42,1
2019-01-06T15:13:13Z,47.21,40.67,17.08,38.48,74.79,1
2019-01-06T15:13:28Z,49.49,39.24,18.06,38.52,75.53,1
2019-01-06T15:13:43Z,49.29,38.24,16.46,37.27,76.34,1
2019-01-06T15:13:58Z,47.02,39.34,14.66,38.41,76.37,1
2019-01-06T15:14:13Z,49.22,40.47,14.48,39.19,77.4,1
2019-01-06T15:14:28Z,48.11,40.65,15.66,38.21,76.85,1
2019-01-06T15:14:43Z,49.4,40.74,14.98,38.04,77.87,1
2019-01-06T15:14:58Z,50.44,39.86,16.21,38.95,77.55,1
2019-01-06T15:15:13Z,49.78,39.99,17.25,38.52,78.6,1
2019-01-06T15:15:28Z,51.24,39.8,18.09,38.64,78.32,1
2019-01-06T15:15:43Z,51.1,40.45,17.49,37.54,77.65,1
2019-01-06T15:15:58Z,50.12,41.6,16.6,36.44,78.02,1
2019-01-06T15:16:13Z,48.65,40.04,16.95,34.9,79.15,1
2019-01-06T15:16:28Z,50.95,39.4,15.23,33.63,80.3,1
2019-01-06T15:16:43Z,51.7,40.93,13.57,32.82,80.27,1
2019-01-06T15:16:58Z,52.9,39.31,12.39,33.68,79.47,1
2019-01-06T15:17:13Z,51.87,38.78,10.79,33.28,80.47,1
2019-01-06T15:17:28Z,50.13,37.44,9.7,32.2,79.61,1
2019-01-06T15:17:43Z,50.44,38.72,8.78,31.19,79.8,1
2019-01-06T15:17:58Z,52.04,40.41,9.34,32.78,78.74,1
2019-01-06T15:18:13Z,54.06,40.43,8.34,32.68,78.2,1
2019-01-06T15:18:28Z,54.69,41.73,9.84,31.32,78.78,1
2019-01-06T15:18:43Z,54.4,39.84,11.41,30.61,79.1,1
2019-01-06T15:18:58Z,52.26,39.01,13.27,29.07,80.14,1
2019-01-06T15:19:13Z,54.26,37.96,13.36,29.29,80.58,1
2019-01-06T15:19:28Z,52.07,36.2,13.89,30.39,81.17,1
2019-01-06T15:19:43Z,53.33,37.13,15.49,30.85,80.05,1
2019-01-06T15:19:58Z,55.75,37.91,15.26,31.22,79.81,1
2019-01-06T15:20:13Z,55.35,36.4,13.89,29.63,79.53,1
2019-01-06T15:20:28Z,54.64,37.71,15.73,30.7,79.82,1
2019-01-06T15:20:43Z,54.24,39.14,17.28,31.33,80.64,1
2019-01-06T15:20:58Z,56.63,38,18.52,31.42,80.93,1
2019-01-06T15:21:13Z,54.26,38.91,18.27,32.07,82.11,1
2019-01-06T15:21:28Z,55.69,40.21,17.82,32.7,82.54,1
2019-01-06T15:21:43Z,55.56,41.31,19.02,32.33,82.71,1
2019-01-06T15:21:58Z,56.9,40.1,19.72,31.4,83.73,1
2019-01-06T15:22:13Z,56.16,41.55,19.27,32.77,82.98,1
2019-01-06T15:22:28Z,54.03,41.41,18.69,32.75,83.36,1
2019-01-06T15:22:43Z,53.17,40.69,17.78,34.28,84.49,1
2019-01-06T15:22:58Z,55.42,40.43,17.85,35.83,84.97,1
2019-01-06T15:23:13Z,53.85,39.03,17.47,36.84,85.6,1
2019-01-06T15:23:28Z,55.9,37.96,17.9,36.41,85.35,1
2019-01-06T15:23:43Z,57.24,36.46,16.18,37.84,85.89,1
2019-01-06T15:23:58Z,59.45,34.59,18.02,38.64,85.5,1
2019-01-06T15:24:13Z,60.13,33.21,19.13,39.69,85.13,1
2019-01-06T15:24:28Z,59.16,34.69,17.71,39.86,85.92,1
2019-01-06T15:24:43Z,59.52,32.99,17.53,39.12,85.24,1
2019-01-06T15:24:58Z,58.7,34.53,17.39,37.85,84.66,1
2019-01-06T15:25:13Z,59.2,36.36,19.29,38.51,84.67,1
2019-01-06T15:25:28Z,58.57,36.68,17.87,37.89,85.1,1
2019-01-06T15:25:43Z,56.13,35.3,16.32,36.35,84.57,1
2019-01-06T15:25:58Z,56.84,33.49,18.07,37.7,84.95,1
2019-01-06T15:26:13Z,56.91,34.44,18.79,37.96,84.86,1
2019-01-06T15:26:28Z,56.89,35.65,17.86,38.89,83.93,1
2019-01-06T15:26:43Z,57.6,36.7,16,39.99,82.95,1
2019-01-06T15:26:58Z,57.57,35.64,16.45,40.6,82.07,1
2019-01-06T15:27:13Z,57.3,34.12,18.32,41.43,81.26,1
2019-01-06T15:27:28Z,55.5,33.32,19.74,41.34,81.43,1
2019-01-06T15:27:43Z,56.67,34.04,20.39,42.19,81.44,1
2019-01-06T15:27:58Z,58.21,34.95,19.36,43.52,81.53,1
2019-01-06T15:28:13Z,59.11,34.5,20.25,42.98,80.66,1
2019-01-06T15:28:28Z,56.92,35.41,19.99,43.87,81.35,1
2019-01-06T15:28:43Z,57.12,35.83,19.86,43.61,81.56,1
2019-01-06T15:28:58Z,59.38,35.04,21.24,42.4,81.93,1
2019-01-06T15:29:13Z,61.23,35.7,22.37,43.03,81.04,1
2019-01-06T15:29:28Z,60.79,37.56,21.39,43.98,81.29,1
2019-01-06T15:29:43Z,59.8,38.24,22.29,45.01,81.88,1
2019-01-06T15:29:58Z,61.55,37.99,23.53,45.05,82.36,1
2019-01-06T15:30:13Z,61.06,36.32,25.01,44.98,81.69,1
2019-01-06T15:30:28Z,60.16,35.56,26.25,45.55,82.76,1
2019-01-06T15:30:43Z,60.93,35.28,25.63,45.23,83.72,1
2019-01-06T15:30:58Z,58.56,34.51,26.72,44.87,82.59,1
2019-01-06T15:31:13Z,57.76,34.63,27.34,43.53,83.37,1
2019-01-06T15:31:28Z,58.72,35.43,27.47,43.48,82.58,1
2019-01-06T15:31:43Z,56.77,35.38,27.59,44.24,82.89,1
2019-01-06T15:31:58Z,56.89,33.93,27.99,45.05,82.49,1
2019-01-06T15:32:13Z,58.59,33.46,29.73,44.97,82.26,1
2019-01-06T15:32:28Z,59.8,33.65,28.45,45.45,82.09,1
2019-01-06T15:32:43Z,58.07,33.48,30.08,44.94,83.13,1
2019-01-06T15:32:58Z,56.42,33.74,31.17,44.17,83.42,1
2019-01-06T15:33:13Z,57.92,32.04,31.75,45.26,82.43,1
2019-01-06T15:33:28Z,59.99,31.12,30.09,44.9,81.6,1
2019-01-06T15:33:43Z,61.33,31.8,31.41,44.55,80.75,1
2019-01-06T15:33:58Z,60.59,31.21,31.81,44.56,80.94,1
2019-01-06T15:34:13Z,60.22,32.85,30.72,45.83,81.18,1
2019-01-06T15:34:28Z,62.17,34.39,30.46,46.06,81,1
2019-01-06T15:34:43Z,60.04,33.48,30.6,46.82,80.58,1
2019-01-06T15:34:58Z,61.12,34.38,30.31,47.83,79.99,1
2019-01-06T15:35:13Z,60.09,34.34,29.43,46.78,81.16,1
2019-01-06T15:35:28Z,61.17,36.09,31.29,46.04,81.34,1
2019-01-06T15:35:43Z,61.6,36.83,30.03,47.42,82.27,1
2019-01-06T15:35:58Z,62.7,35.71,31.4,48.28,83.13,1
2019-01-06T15:36:13Z,60.54,34.98,32.99,49.39,83.25,1
2019-01-06T15:36:28Z,58.56,33.63,34.16,47.89,82.87,1
2019-01-06T15:36:43Z,58.32,35.4,34.37,48.22,82.59,1
2019-01-06T15:36:58Z,58.29,35.8,32.97,48.83,81.94,1
2019-01-06T15:37:13Z,58.3,34.47,33.01,47.36,80.9,1
2019-01-06T15:37:28Z,60.82,34.55,31.86,45.89,79.87,1
2019-01-06T15:37:43Z,61.1,33.27,30.17,45.88,78.7,1
2019-01-06T15:37:58Z,60.39,34.18,30.37,44.38,77.79,1
2019-01-06T15:38:13Z,58.17,35.35,31.36,43.07,77.46,1
2019-01-06T15:38:28Z,57.44,36.1,32.95,43.75,77.88,1
2019-01-06T15:38:43Z,59.86,36.01,34.56,43.17,78.44,1
2019-01-06T15:38:58Z,60.81,37.88,36.34,42.92,78.57,1
2019-01-06T15:39:13Z,61.99,39.09,35.33,43.47,79.45,1
2019-01-06T15:39:28Z,59.64,38.76,35.02,43.99,79.07,1
2019-01-06T15:39:43Z,59.14,39.04,36.51,45.5,79.34,1
2019-01-06T15:39:58Z,60.19,37.63,36.59,46.92,80.47,1
2019-01-06T15:40:13Z,58.63,39.49,34.83,46.99,80.94,1
2019-01-06T15:40:28Z,60.5,38.55,33.33,48.44,79.93,1
2019-01-06T15:40:43Z,62.23,36.86,32.79,48.71,78.96,1
2019-01-06T15:40:58Z,61.3,35.73,32.09,47.14,78.77,1
2019-01-06T15:41:13Z,61.92,37.26,30.3,47.44,79.08,1
2019-01-06T15:41:28Z,60.03,36.21,29.44,48.92,78.22,1
2019-01-06T15:41:43Z,57.6,36.63,29.01,49.39,78.6,1
2019-01-06T15:41:58Z,58.94,36.84,28.12,48.26,77.48,1
2019-01-06T15:42:13Z,58.45,37.04,26.72,46.82,77.22,1
2019-01-06T15:42:28Z,59.7,37.4,26.53,46.64,78.28,1
2019-01-06T15:42:43Z,61.47,35.56,27.83,45.06,78.1,1
2019-01-06T15:42:58Z,62.47,34.71,27.63,44.59,77.55,1
2019-01-06T15:43:13Z,60.16,33.75,28.71,45.6,78.23,1
2019-01-06T15:43:28Z,61.8,34.08,29.92,46.83,78.09,1
2019-01-06T15:43:43Z,60.03,32.29,29.76,46.65,78.86,1
2019-01-06T15:43:58Z,57.55,31.12,29.02,47.43,79.25,1
2019-01-06T15:44:13Z,56.75,30.61,29.7,48.41,78.82,1
2019-01-06T15:44:28Z,55.66,31.82,28.56,49.76,78.27,1
2019-01-06T15:44:43Z,56.34,30.68,29.47,48.59,77.33,1
2019-01-06T15:44:58Z,58.62,29.52,28.96,47.36,76.94,1
2019-01-06T15:45:13Z,57.67,29.41,29.21,47.9,76.99,1
2019-01-06T15:45:28Z,55.4,29.14,28.69,49.31,76.71,1
2019-01-06T15:45:43Z,55.89,29.28,28.58,47.94,77.52,1
2019-01-06T15:45:58Z,56.1,31.02,29.66,49.33,76.5,1
2019-01-06T15:46:13Z,54.92,32.41,31.04,50.67,76.67,1
2019-01-06T15:46:28Z,55.05,32.8,30.43,50.07,76.72,1
2019-01-06T15:46:43Z,56.2,33.94,31.8,50.8,75.72,1
2019-01-06T15:46:58Z,58.13,34.31,32.59,51.38,76.37,1
2019-01-06T15:47:13Z,59.37,34.26,31.04,50.75,77.38,1
2019-01-06T15:47:28Z,61.11,34.1,30.24,49.24,78.02,1
2019-01-06T15:47:43Z,63.28,32.61,30.76,48.26,78.1,1
2019-01-06T15:47:58Z,64.04,32.08,31.53,49.62,78.8,1
2019-01-06T15:48:13Z,61.99,33,29.65,50.59,78.65,1
2019-01-06T15:48:28Z,63.98,33.11,29.84,49.58,79.74,1
2019-01-06T15:48:43Z,63.67,32.61,29.53,50.64,80.64,1
2019-01-06T15:48:58Z,61.39,32.81,29.78,49.92,81.1,1
2019-01-06T15:49:13Z,60.03,33.9,28.75,51.47,82.25,1
2019-01-06T15:49:28Z,61.5,33.67,27.37,52.11,83.05,1
2019-01-06T15:49:43Z,60.29,32.55,28.22,52.64,82.69,1
2019-01-06T15:49:58Z,60.5,32.77,29.41,52.89,82.01,1
2019-01-06T15:50:13Z,58.46,33.27,30.61,53.69,82.75,1
2019-01-06T15:50:28Z,58.87,32.46,31.49,53.76,81.95,1
2019-01-06T15:50:43Z,58.41,30.81,29.98,54.71,82.13,1
2019-01-06T15:50:58Z,56.84,31.03,29.46,55.53,81.38,1
2019-01-06T15:51:13Z,55.43,32.92,30.17,55.28,82.13,1
2019-01-06T15:51:28Z,55.55,33.43,30.84,55.83,82.06,1
2019-01-06T15:51:43Z,56.77,34.57,32.59,56.36,81.34,1
2019-01-06T15:51:58Z,56.47,36.31,32.12,57.15,82.26,1
2019-01-06T15:52:13Z,55.82,34.5,30.78,56.33,82.19,1
2019-01-06T15:52:28Z,58.07,33.2,29.66,54.77,81.19,1
2019-01-06T15:52:43Z,55.73,32.25,28.76,56.21,82.15,1
2019-01-06T15:52:58Z,53.37,30.66,28.49,57.26,82.55,1
2019-01-06T15:53:13Z,53.06,30.43,30.08,58.59,82.67,1
2019-01-06T15:53:28Z,52.09,30.61,29.03,57.63,82.77,1
2019-01-06T15:53:43Z,52.9,29.04,27.4,57.45,82.96,1
2019-01-06T15:53:58Z,53.13,29.84,27.72,58.53,81.79,1
2019-01-06T15:54:13Z,51.58,31.71,26.56,58.65,82.02,1
2019-01-06T15:54:28Z,53.98,31.31,27.39,57.98,82.91,1
2019-01-06T15:54:43Z,52.68,30.32,26.03,56.92,82.49,1
2019-01-06T15:54:58Z,54.5,29.33,27.26,57.59,81.64,1
2019-01-06T15:55:13Z,52.54,30.19,25.39,58.72,81.29,1
2019-01-06T15:55:28Z,51.31,28.33,26.06,59.61,81.94,1
2019-01-06T15:55:43Z,51.8,27.62,26.07,58.1,82.85,1
2019-01-06T15:55:58Z,52.89,27.46,26.31,57.32,82.74,1
2019-01-06T15:56:13Z,54.26,29.34,26.32,55.83,81.79,1
2019-01-06T15:56:28Z,54.82,30.48,25.83,54.51,81.67,1
2019-01-06T15:56:43Z,55.38,29.13,27.69,53.85,81.35,1
2019-01-06T15:56:58Z,54.34,27.93,27.56,53.43,82.05,1
2019-01-06T15:57:13Z,55.76,28.09,25.7,53,81.51,1
2019-01-06T15:57:28Z,54.65,29.15,27.54,52.73,80.45,1
2019-01-06T15:57:43Z,57.17,28.38,27.98,53.25,80.11,1
2019-01-06T15:57:58Z,56.75,27.45,26.75,52.4,79.06,1
2019-01-06T15:58:13Z,56.04,27.38,26.3,53.22,80.08,1
2019-01-06T15:58:28Z,57.76,26.37,26.56,51.97,79.22,1
2019-01-06T15:58:43Z,55.41,26.06,24.78,52.67,78.41,1
2019-01-06T15:58:58Z,53,25.84,23.2,52.42,77.28,1
2019-01-06T15:59:13Z,51.06,27.33,24.37,52.02,76.24,1
2019-01-06T15:59:28Z,50.65,27.23,24.05,53.19,76.79,1
2019-01-06T15:59:43Z,48.99,28.18,25.28,54.36,77.55,1
2019-01-06T15:59:58Z,47.51,26.46,23.72,54.25,77.5,1
2019-01-06T16:00:13Z,48.33,26.47,23.85,54.17,78.52,1
2019-01-06T16:00:28Z,49.13,24.91,24.98,54.69,77.73,1
2019-01-06T16:00:43Z,48.03,25.91,24.43,53.95,77.23,1
2019-01-06T16:00:58Z,46.57,25.49,22.97,53.19,77.96,1
2019-01-06T16:01:13Z,45.41,26.19,21.68,52.74,78.2,1
2019-01-06T16:01:28Z,43.58,26.37,23.26,51.23,79.32,1
2019-01-06T16:01:43Z,44.77,27.15,24.67,49.75,78.33,1
2019-01-06T16:01:58Z,42.92,26.84,25.59,49.14,79.49,1
2019-01-06T16:02:13Z,40.38,26.76,26.01,49.12,79.38,1
2019-01-06T16:02:28Z,40.79,26.4,25.45,50.02,78.98,1
2019-01-06T16:02:43Z,39.41,25.41,27.33,49.22,78.88,0
2019-01-06T16:02:58Z,36.96,26.13,25.97,47.68,78.26,0
2019-01-06T16:03:13Z,37.21,25.35,25.53,46.62,77.82,0
2019-01-06T16:03:28Z,36.3,24.75,24.29,47.91,78.99,0
2019-01-06T16:03:43Z,38.07,24.54,24.82,48.68,77.84,0
2019-01-06T16:03:58Z,39.88,23.67,25.7,48.23,77.24,0
2019-01-06T16:04:13Z,40.31,24.26,24.19,47.07,77.39,1
2019-01-06T16:04:28Z,37.8,24.52,22.46,47.47,76.51,0
2019-01-06T16:04:43Z,39.65,24.03,23.8,48.05,76.34,0
2019-01-06T16:04:58Z,37.7,24.42,25.54,47.93,77.48,0
2019-01-06T16:05:13Z,38.83,25.74,26.91,48.03,76.32,0
2019-01-06T16:05:28Z,40.7,27.26,28.37,47.84,77.27,1
2019-01-06T16:05:43Z,41.2,27.19,28.7,48.86,78.14,1
2019-01-06T16:05:58Z,38.99,25.58,29.47,50.07,77.91,0
2019-01-06T16:06:13Z,39.19,26.62,29.93,48.8,78.71,0
2019-01-06T16:06:28Z,40.94,24.98,30.22,47.91,78.47,1
2019-01-06T16:06:43Z,41.31,23.45,30.5,48.53,78.88,1
2019-01-06T16:06:58Z,42.83,25.33,28.76,49.68,79.83,1
2019-01-06T16:07:13Z,43.89,24.99,27.78,50.63,80.55,1
2019-01-06T16:07:28Z,44.61,26.86,28.09,50.17,79.61,1
2019-01-06T16:07:43Z,46.44,25.97,27.21,51.64,80.08,1
2019-01-06T16:07:58Z,45.11,24.32,25.88,50.25,80.46,1
2019-01-06T16:08:13Z,43.17,26.02,24.3,50.01,81.52,1
2019-01-06T16:08:28Z,40.67,27.76,24.03,48.97,80.94,1
2019-01-06T16:08:43Z,39.01,26.83,24.78,49.73,80.95,0
2019-01-06T16:08:58Z,39.72,26.33,26.06,50.35,81.2,0
2019-01-06T16:09:13Z,40.66,26.14,24.64,50.89,80.86,1
2019-01-06T16:09:28Z,41.77,25.15,23.66,51.16,79.71,1
2019-01-06T16:09:43Z,43.26,26.2,23.16,50.32,79.72,1
2019-01-06T16:09:58Z,41.41,26.79,22.94,48.96,80.62,1
2019-01-06T16:10:13Z,41,25.65,24.36,47.4,80.3,1
2019-01-06T16:10:28Z,41.69,26.68,26.14,47.36,79.51,1
2019-01-06T16:10:43Z,41.8,28.46,26.51,48.54,78.46,1
2019-01-06T16:10:58Z,41.48,28.38,28.38,47.4,78.64,1
2019-01-06T16:11:13Z,42.8,29.12,26.76,48.96,77.9,1
2019-01-06T16:11:28Z,44.67,27.95,25.98,49.05,77.39,1
2019-01-06T16:11:43Z,43.85,28.62,26.14,48.87,77.94,1
2019-01-06T16:11:58Z,41.54,26.75,25.86,49.61,78.62,1
2019-01-06T16:12:13Z,40.69,25.35,26.89,49.24,77.9,1
2019-01-06T16:12:28Z,42.76,23.78,26.84,49.61,77.83,1
2019-01-06T16:12:43Z,40.65,23.74,26.19,50.5,77.11,1
2019-01-06T16:12:58Z,41.79,22,27.06,51.88,76.98,1
2019-01-06T16:13:13Z,39.69,22.99,25.32,52.58,76.07,0
2019-01-06T16:13:28Z,39.45,23.72,24.79,53.74,77.09,0
2019-01-06T16:13:43Z,38.97,24.48,24.99,53.75,76.07,0
2019-01-06T16:13:58Z,38.79,23.37,23.55,52.6,75.24,0
2019-01-06T16:14:13Z,37.94,22.71,22.3,52.2,74.27,0
2019-01-06T16:14:28Z,38.7,23.3,22.03,50.74,74.4,0
2019-01-06T16:14:43Z,40.5,21.83,22.58,50.16,75.53,1
2019-01-06T16:14:58Z,40.44,23.29,22.54,49.02,74.58,1
2019-01-06T16:15:13Z,40.23,25.19,23.29,48.96,73.75,1
2019-01-06T16:15:28Z,39.14,26.81,21.67,48.81,73.58,0
2019-01-06T16:15:43Z,37.37,24.95,19.94,48.46,74.68,0
2019-01-06T16:15:58Z,37.77,23.12,18.15,49.41,74.71,0
2019-01-06T16:16:13Z,38.45,23.81,17.32,50.77,74.77,0
2019-01-06T16:16:28Z,36.64,25.31,16.54,51.89,75.71,0
2019-01-06T16:16:43Z,37.76,24.19,14.79,51.08,76.82,0
2019-01-06T16:16:58Z,38.63,25.05,14.87,51.29,77.2,0
2019-01-06T16:17:13Z,36.59,25.95,14.66,52.4,76.53,0
2019-01-06T16:17:28Z,34.69,25.38,14.14,51.88,75.36,0
2019-01-06T16:17:43Z,32.31,23.99,14.75,50.96,76.3,0
2019-01-06T16:17:58Z,33.07,25.24,14.62,50.22,75.29,0
2019-01-06T16:18:13Z,32.07,24.6,15.88,50.06,75.26,0
2019-01-06T16:18:28Z,34.38,25.63,17.03,51.26,75.68,0
2019-01-06T16:18:43Z,35.1,24.24,16.77,50.14,76.37,0
2019-01-06T16:18:58Z,37.5,25.83,16.3,49.06,76.45,0
2019-01-06T16:19:13Z,39.09,25.84,17.92,47.56,75.31,0
2019-01-06T16:19:28Z,39.76,25.02,17.97,46.55,75.33,0
2019-01-06T16:19:43Z,39.63,26.85,16.97,47.45,75.31,0
2019-01-06T16:19:58Z,39.25,26.15,15.79,45.86,76.39,0
2019-01-06T16:20:13Z,39.17,26.37,15.52,45.6,76.46,0
2019-01-06T16:20:28Z,41.66,26.45,15.73,45.05,77.06,1
2019-01-06T16:20:43Z,39.85,28.09,14.89,44.27,77.65,0
2019-01-06T16:20:58Z,37.88,28.21,16.15,43.45,76.92,0
2019-01-06T16:21:13Z,37.18,27.65,15.77,43.41,76.34,0
2019-01-06T16:21:28Z,36.84,26.42,15.87,44.86,76.34,0
2019-01-06T16:21:43Z,39.28,27.43,14.95,44.53,76.21,0
2019-01-06T16:21:58Z,38.42,27.05,15.67,45.28,75.31,0
2019-01-06T16:22:13Z,38.63,25.47,16.15,45.58,76.14,0
2019-01-06T16:22:28Z,38,24.27,15.19,44.4,76.31,0
2019-01-06T16:22:43Z,39.65,24.21,14.57,45.58,75.28,0
2019-01-06T16:22:58Z,37.12,22.54,15.72,46,76.13,0
2019-01-06T16:23:13Z,36.64,23.4,16.12,45.64,75.04,0
2019-01-06T16:23:28Z,35.25,25.08,17.49,44.79,76.11,0
2019-01-06T16:23:43Z,34.85,26.07,18.33,43.53,75.1,0
2019-01-06T16:23:58Z,36.71,24.49,16.79,42.14,74.31,0
2019-01-06T16:24:13Z,34.69,23.85,16.65,42.33,73.8,0
2019-01-06T16:24:28Z,33.77,23.84,17,41.01,73.96,0
2019-01-06T16:24:43Z,33.04,23.73,15.89,40.65,74.96,0
2019-01-06T16:24:58Z,34.93,22.96,17.59,39.94,75.02,0
2019-01-06T16:25:13Z,34.39,24.78,16.92,40.63,75.59,0
2019-01-06T16:25:28Z,32.8,24.97,17.4,40.39,76.24,0
2019-01-06T16:25:43Z,32.85,25.37,17.43,39.18,76.16,0
2019-01-06T16:25:58Z,30.51,25.02,16.18,40.15,75.57,0
2019-01-06T16:26:13Z,31.29,25.23,14.88,40.4,74.6,0
2019-01-06T16:26:28Z,29.14,26.81,13.76,40.04,74.36,0
2019-01-06T16:26:43Z,30.84,27.74,12.48,38.54,74.99,0
2019-01-06T16:26:58Z,30.55,28.37,12.16,39.58,74.03,0
2019-01-06T16:27:13Z,28.02,29.6,11.47,40.71,74.81,0
2019-01-06T16:27:28Z,27.16,27.76,9.69,41.08,75.49,0
2019-01-06T16:27:43Z,28.36,28.98,8.73,40.26,75.43,0
2019-01-06T16:27:58Z,29.73,27.67,10.51,39.09,75.72,0
2019-01-06T16:28:13Z,31.48,25.93,10.02,38.28,75.96,0
2019-01-06T16:28:28Z,33.4,25.97,10.47,39.04,76,0
2019-01-06T16:28:43Z,31.55,24.78,9.63,39.99,76.75,0
2019-01-06T16:28:58Z,33.92,24.95,9.67,40.62,77.02,0
2019-01-06T16:29:13Z,32.58,23.11,8.02,42.14,78.01,0
2019-01-06T16:29:28Z,31.47,22.55,6.42,40.73,79.02,0
2019-01-06T16:29:43Z,32.94,20.8,6.93,41.41,78.18,0
2019-01-06T16:29:58Z,33.87,21.18,8.13,41.51,78.71,0
2019-01-06T16:30:13Z,35.36,21.5,6.72,40.11,78.45,0
2019-01-06T16:30:28Z,34.09,21.94,8.62,41.51,77.59,0
2019-01-06T16:30:43Z,33.36,20.91,8.44,42.13,78.39,0
2019-01-06T16:30:58Z,33.32,22.62,6.79,43.07,78.94,0
2019-01-06T16:31:13Z,32.11,23.18,5.54,43.27,78.44,0
2019-01-06T16:31:28Z,31.03,22.58,6.23,44.74,77.74,0
2019-01-06T16:31:43Z,31.06,22.34,6.13,43.63,78.37,0
2019-01-06T16:31:58Z,31.71,23.55,5.97,44.65,77.94,0
2019-01-06T16:32:13Z,32.84,24.96,6.13,43.29,78.5,0
2019-01-06T16:32:28Z,35.04,23.98,5.19,41.84,79.52,0
2019-01-06T16:32:43Z,33.11,22.28,6.59,42.35,79.09,0
2019-01-06T16:32:58Z,35.48,20.7,8.39,41.79,80.18,0
2019-01-06T16:33:13Z,38.03,19.17,10.16,42.95,79.45,0
2019-01-06T16:33:28Z,37.32,20.96,10.76,42.16,78.36,0
2019-01-06T16:33:43Z,35.86,20.78,10.95,42.51,78.33,0
2019-01-06T16:33:58Z,37.48,19.28,10.08,42.1,78.98,0
2019-01-06T16:34:13Z,39.37,18.3,8.63,43.2,80.11,0
2019-01-06T16:34:28Z,36.88,17.59,6.99,44.43,79.07,0
2019-01-06T16:34:43Z,36.58,17.07,8.28,45.9,78,0
2019-01-06T16:34:58Z,37.81,16.06,6.91,44.92,77.71,0
2019-01-06T16:35:13Z,39.09,14.23,7.34,46.01,76.64,0
2019-01-06T16:35:28Z,38.15,12.46,8.92,44.63,76.55,0
2019-01-06T16:35:43Z,39.77,13.75,10,44.23,77.58,0
2019-01-06T16:35:58Z,37.36,13.26,10.74,43.13,76.56,0
2019-01-06T16:36:13Z,36.69,14.07,11.94,44.73,77.45,0
2019-01-06T16:36:28Z,36.02,14.31,12.79,43.88,78.15,0
2019-01-06T16:36:43Z,34.08,16.2,10.98,44.88,77.29,0
2019-01-06T16:36:58Z,34.27,16.91,10.64,45.35,78.32,0
2019-01-06T16:37:13Z,33.41,17.57,12.26,44.56,77.58,0
2019-01-06T16:37:28Z,32.03,16.88,11.52,44.54,77.42,0
2019-01-06T16:37:43Z,34.05,17.23,12.23,43.54,77.01,0
2019-01-06T16:37:58Z,34.04,17.18,11.44,43.46,76.29,0
2019-01-06T16:38:13Z,35.89,17.72,11.93,44.06,77.24,0
2019-01-06T16:38:28Z,34.43,15.9,13.63,45.6,77.93,0
2019-01-06T16:38:43Z,33.17,14.96,11.93,46.51,78.54,0
2019-01-06T16:38:58Z,35.14,15.04,12.74,46.19,79.28,0
2019-01-06T16:39:13Z,33.68,16.41,14.08,46.19,78.63,0
2019-01-06T16:39:28Z,36.14,15.16,14.02,46.92,78.12,0
2019-01-06T16:39:43Z,38.52,15.48,13.91,46.77,77.6,0
2019-01-06T16:39:58Z,39.65,16.35,12.54,46.19,77.72,0
2019-01-06T16:40:13Z,37.83,15.13,13.07,46.33,77.62,0
2019-01-06T16:40:28Z,37.84,14.46,13.35,47.56,78.46,0
2019-01-06T16:40:43Z,36.53,13.4,11.65,47.83,78.32,0
2019-01-06T16:40:58Z,37.12,13.32,11.94,49.14,79.03,0
2019-01-06T16:41:13Z,35.64,11.56,12.89,49.16,78.17,0
2019-01-06T16:41:28Z,33.64,11.79,12.76,49.6,78.92,0
2019-01-06T16:41:43Z,31.7,10.77,11.24,48.67,78.31,0
2019-01-06T16:41:58Z,32.58,9.37,10.52,48.84,79.1,0
2019-01-06T16:42:13Z,33.17,8.55,10.88,48.04,79.37,0
2019-01-06T16:42:28Z,32.96,9.31,11.06,47.57,79.13,0
2019-01-06T16:42:43Z,30.52,8.11,11.26,48.4,79.83,0
2019-01-06T16:42:58Z,32.68,7.63,10.11,47.53,80.99,0
2019-01-06T16:43:13Z,30.96,5.97,11.63,46.42,81.56,0
2019-01-06T16:43:28Z,30.11,6.02,12.47,45.07,82.21,0
2019-01-06T16:43:43Z,28.44,7.62,13.32,45.43,82.38,0
2019-01-06T16:43:58Z,26.46,6.04,11.76,43.91,83.09,0
2019-01-06T16:44:13Z,26.46,7.45,11.44,45.25,83.39,0
2019-01-06T16:44:28Z,27.97,6.6,13.32,45.74,83.47,0
2019-01-06T16:44:43Z,28.54,6.02,13.72,44.23,83.77,0
2019-01-06T16:44:58Z,26.33,4.94,15.31,45.18,83.93,0
2019-01-06T16:45:13Z,26.39,5.78,15.38,45.64,84.27,0
2019-01-06T16:45:28Z,26.86,6.81,15.86,45.52,83.7,0
2019-01-06T16:45:43Z,27.49,5.73,16.11,46.04,83.26,0
2019-01-06T16:45:58Z,29.92,7.07,17.51,46.08,82.99,0
2019-01-06T16:46:13Z,28.4,5.88,15.94,46.55,83.35,0
2019-01-06T16:46:28Z,28.26,4.78,14.22,45.56,82.98,0
2019-01-06T16:46:43Z,28.14,3.18,14.82,46.62,81.97,0
2019-01-06T16:46:58Z,29.6,3.12,15.3,46.41,82.32,0
2019-01-06T16:47:13Z,29.73,3.47,16.88,46.06,82.27,0
2019-01-06T16:47:28Z,30.96,1.86,15.31,46.64,81.95,0
2019-01-06T16:47:43Z,32.21,0.97,17.18,48.16,82.49,0
2019-01-06T16:47:58Z,33.1,0,16.95,47.78,82.5,0
2019-01-06T16:48:13Z,31.87,1.63,17.19,47.32,81.84,0
2019-01-06T16:48:28Z,31.67,0,17.45,46.42,82.47,0
2019-01-06T16:48:43Z,30.12,0,19.02,47.73,82.17,0
2019-01-06T16:48:58Z,30.68,0.9,20.52,49.15,81.83,0
2019-01-06T16:49:13Z,31.96,2.21,18.68,50.69,82.09,0
2019-01-06T16:49:28Z,29.69,1.03,19.03,51.81,81.98,0
2019-01-06T16:49:43Z,27.31,1.6,19.93,52.58,81.97,0
2019-01-06T16:49:58Z,28.6,0.35,18.2,51.22,81.46,0
2019-01-06T16:50:13Z,29.82,1.39,19.74,50.75,81.08,0
2019-01-06T16:50:28Z,27.65,3.21,19.69,49.42,81.92,0
2019-01-06T16:50:43Z,25.76,1.4,21.32,48.09,81.34,0
2019-01-06T16:50:58Z,26.82,1.87,19.46,49.1,81.63,0
2019-01-06T16:51:13Z,24.43,3.72,18.88,49.37,81.77,0
2019-01-06T16:51:28Z,25.64,3.48,17.94,48,81.05,0
2019-01-06T16:51:43Z,24.01,3.38,16.67,48.22,81.86,0
2019-01-06T16:51:58Z,21.73,1.88,16.67,48.81,80.83,0
2019-01-06T16:52:13Z,21.34,1.83,18.27,49.1,80.82,0
2019-01-06T16:52:28Z,22.29,1.49,16.99,47.83,80.23,0
2019-01-06T16:52:43Z,24.35,0,15.77,47.12,80.32,0
2019-01-06T16:52:58Z,26.38,1.5,17.09,45.64,79.47,0
2019-01-06T16:53:13Z,27.3,1.69,15.48,46.47,79.8,0
2019-01-06T16:53:28Z,28.15,2.67,15.78,46.3,80.48,0
2019-01-06T16:53:43Z,29.13,1.99,16.75,45.86,79.75,0
2019-01-06T16:53:58Z,30.77,0.73,15.08,46.56,79.51,0
2019-01-06T16:54:13Z,31.1,0,13.19,46.1,78.96,0
2019-01-06T16:54:28Z,28.68,0.26,14.13,45.96,79.4,0
2019-01-06T16:54:43Z,28.19,0.6,13.26,46.43,79.5,0
2019-01-06T16:54:58Z,29.62,2.09,11.82,45.04,79.58,0
2019-01-06T16:55:13Z,31.7,2.78,13.01,44.87,79.27,0
2019-01-06T16:55:28Z,32.13,1.18,12.87,43.75,80.13,0
2019-01-06T16:55:43Z,32.2,0.94,14.36,44.39,80.16,0
2019-01-06T16:55:58Z,32.48,1.71,13.23,43.15,80.94,0
2019-01-06T16:56:13Z,34.89,2.37,14.96,43.49,80.17,0
2019-01-06T16:56:28Z,32.97,1.8,14.69,43.05,81.28,0
2019-01-06T16:56:43Z,34.96,2.23,16.19,42.93,80.44,0
2019-01-06T16:56:58Z,34.29,2.36,17.58,43.75,81.12,0
2019-01-06T16:57:13Z,34.94,3.53,16.4,44.31,81.72,0
2019-01-06T16:57:28Z,36.49,3.89,15.23,43.58,81.82,0
2019-01-06T16:57:43Z,34.09,4.82,16,44.45,80.78,0
2019-01-06T16:57:58Z,33.66,5.89,14.51,44.14,79.69,0
2019-01-06T16:58:13Z,35.25,6.95,15.18,44.51,79.78,0
2019-01-06T16:58:28Z,34.12,7.19,14.69,43.5,80.46,0
2019-01-06T16:58:43Z,35.03,5.67,14.46,43.31,81.07,0
2019-01-06T16:58:58Z,34.2,7.4,13.59,42.59,79.92,0
2019-01-06T16:59:13Z,31.96,5.9,14.45,44.17,80.56,0
2019-01-06T16:59:28Z,32.36,4.22,14.66,42.67,79.97,0
2019-01-06T16:59:43Z,29.95,5.79,13.64,42,81.15,0
2019-01-06T16:59:58Z,29.47,4.13,15.47,42.44,82.15,0
2019-01-06T17:00:13Z,27.22,5.09,14.22,41.5,82.02,0
2019-01-06T17:00:28Z,26.95,6.53,14.23,41.02,81.6,0
2019-01-06T17:00:43Z,27.4,6.24,15.6,40.47,81.17,0
2019-01-06T17:00:58Z,25.51,5.53,15.67,38.87,80.39,0
2019-01-06T17:01:13Z,27.97,5.14,15.24,38.46,81.56,0
2019-01-06T17:01:28Z,27.41,4.43,14.92,36.93,81.84,0
2019-01-06T17:01:43Z,26.16,3.84,16.58,35.4,82.08,0
2019-01-06T17:01:58Z,27.16,4.74,15.11,35.82,81.32,0
2019-01-06T17:02:13Z,26.86,5.25,13.6,35.79,80.41,0
2019-01-06T17:02:28Z,26.74,4.06,13.3,35.87,80.41,0
2019-01-06T17:02:43Z,27.71,3.3,13.07,36.72,80.29,0
2019-01-06T17:02:58Z,26.92,3.15,11.22,36.64,80.32,0
2019-01-06T17:03:13Z,24.39,3.92,10.58,36.76,79.95,0
2019-01-06T17:03:28Z,24.7,2.24,10.58,36.62,79.83,0
2019-01-06T17:03:43Z,25.24,3.16,9.25,37.94,79.27,0
2019-01-06T17:03:58Z,26.99,3.25,10.95,39.13,78.86,0
2019-01-06T17:04:13Z,26.12,3.78,10.25,38.24,77.99,0
2019-01-06T17:04:28Z,27.97,3.6,9.82,38.36,77.93,0
2019-01-06T17:04:43Z,26.52,2.84,8.47,37.27,77.87,0
2019-01-06T17:04:58Z,26.38,2.05,8.87,38.04,78.46,0
2019-01-06T17:05:13Z,23.95,2.54,8.98,38.23,77.61,0
2019-01-06T17:05:28Z,24.69,1.46,7.42,38.29,77.63,0
2019-01-06T17:05:43Z,25.93,0.6,7.19,37.28,78.41,0
2019-01-06T17:05:58Z,28.03,0.73,8.17,36.76,78.34,0
2019-01-06T17:06:13Z,28.79,0.46,6.28,36.6,78.76,0
2019-01-06T17:06:28Z,30.75,1.23,5.23,38.18,78.68,0
2019-01-06T17:06:43Z,32.41,1.9,6.33,38.81,78.03,0
2019-01-06T17:06:58Z,33.47,1.47,5.1,38.15,77.01,0
2019-01-06T17:07:13Z,34.07,2.78,5.66,38.58,77.42,0
2019-01-06T17:07:28Z,34.47,3.34,6.65,37.97,76.4,0
2019-01-06T17:07:43Z,36.74,4.01,4.94,36.84,76.26,0
2019-01-06T17:07:58Z,38.8,2.45,5,36.8,75.48,0
2019-01-06T17:08:13Z,37.58,3.84,5.39,36.69,75.54,0
2019-01-06T17:08:28Z,38.83,4.54,3.61,35.53,76.56,0
2019-01-06T17:08:43Z,37.42,2.77,2.17,35.04,77.37,0
2019-01-06T17:08:58Z,34.96,3.31,3.85,36.26,77.57,0
2019-01-06T17:09:13Z,36.16,3.65,4.91,35.89,78.18,0
2019-01-06T17:09:28Z,37.21,4.38,4.58,36.79,77.87,0
2019-01-06T17:09:43Z,37.61,3.45,5.55,37.36,78.96,0
2019-01-06T17:09:58Z,38.6,4.13,4.96,38.11,77.99,0
2019-01-06T17:10:13Z,40.15,5.39,5.53,36.77,78.28,1
2019-01-06T17:10:28Z,40.24,7.23,5.83,35.35,78.23,1
2019-01-06T17:10:43Z,39.43,7.12,6.99,33.88,78.89,0
2019-01-06T17:10:58Z,40.52,7.78,6.68,33.48,79.84,1
2019-01-06T17:11:13Z,38.74,8.06,8.5,32.05,80.2,0
2019-01-06T17:11:28Z,40.14,8.32,9.85,33.06,80.7,1
2019-01-06T17:11:43Z,38.16,9.52,8.48,34.22,80.39,0
2019-01-06T17:11:58Z,35.71,10.53,7.71,33.03,80.16,0
2019-01-06T17:12:13Z,33.3,10.65,7.9,33.03,80.44,0
2019-01-06T17:12:28Z,35.12,10.83,6.31,32.31,81.55,0
2019-01-06T17:12:43Z,37.35,10.54,8.1,31.9,80.99,0
2019-01-06T17:12:58Z,35.51,10.74,6.39,31.48,81.11,0
2019-01-06T17:13:13Z,37.03,8.95,6.82,30.83,81.9,0
2019-01-06T17:13:28Z,37.47,7.82,5.72,29.23,82.71,0
2019-01-06T17:13:43Z,39.5,6.45,4.93,29.29,82.97,0
2019-01-06T17:13:58Z,41.36,7.81,6.39,30.58,83.83,1
2019-01-06T17:14:13Z,39.63,5.94,5.98,29.25,84.91,0
2019-01-06T17:14:28Z,40.22,4.67,6.89,30.4,85.02,1
2019-01-06T17:14:43Z,39.28,3.76,7.83,30.54,84.07,0
2019-01-06T17:14:58Z,37.81,2.43,8.2,31.91,82.98,0
2019-01-06T17:15:13Z,38.19,3.69,6.48,32.27,83.21,0
2019-01-06T17:15:28Z,40.34,5.35,6.67,30.77,83.64,1
2019-01-06T17:15:43Z,41.13,6.21,7.38,30.22,84.28,1
2019-01-06T17:15:58Z,43.51,5.68,7.1,29.11,83.49,1
2019-01-06T17:16:13Z,41.8,5.89,8.4,28.42,82.55,1
2019-01-06T17:16:28Z,41.19,7.18,10,26.9,81.83,1
2019-01-06T17:16:43Z,42.17,5.66,10.55,27.96,81.63,1
2019-01-06T17:16:58Z,40.69,6.1,11.38,28.31,82.15,1
2019-01-06T17:17:13Z,41.63,7,12.66,28.91,83.05,1
2019-01-06T17:17:28Z,39.58,8.44,13.46,27.41,82.46,0
2019-01-06T17:17:43Z,37.53,7.79,13.97,28.25,82.77,0
2019-01-06T17:17:58Z,37.15,8.58,13.43,27.59,83.05,0
2019-01-06T17:18:13Z,38.53,10.1,12.86,26.98,83.3,0
2019-01-06T17:18:28Z,38.89,8.42,12.79,27.91,83.4,0
2019-01-06T17:18:43Z,40.99,9.23,13.24,29.1,82.71,1
2019-01-06T17:18:58Z,38.68,9.83,14.27,28.77,81.64,0
2019-01-06T17:19:13Z,37.1,9.26,14.77,27.21,81.08,0
2019-01-06T17:19:28Z,39.54,8.52,15.48,28.65,81.11,0
2019-01-06T17:19:43Z,41.72,9.25,13.9,29.03,81.12,1
2019-01-06T17:19:58Z,41.68,10.56,12,28.12,81.51,1
2019-01-06T17:20:13Z,40.05,10.64,12.26,28.34,81.72,1
2019-01-06T17:20:28Z,37.8,9.47,11.47,27.07,81.18,0
2019-01-06T17:20:43Z,40.25,8.94,10.98,25.47,80.22,1
2019-01-06T17:20:58Z,40.7,9.81,10.65,24.54,79.26,1
2019-01-06T17:21:13Z,41.53,9.27,11.12,26.04,79.17,1
2019-01-06T17:21:28Z,40.08,8.34,11.56,26.29,79.21,1
2019-01-06T17:21:43Z,41.27,8.18,9.96,25.36,79.88,1
2019-01-06T17:21:58Z,42.58,9.9,10.38,25.89,80.38,1
2019-01-06T17:22:13Z,44.1,8.44,10.07,24.57,79.87,1
2019-01-06T17:22:28Z,46.17,8.79,10.97,24.35,80.67,1
2019-01-06T17:22:43Z,44.53,9.85,10.78,22.76,81.06,1
2019-01-06T17:22:58Z,45,10.37,9.06,21.24,81.37,1
2019-01-06T17:23:13Z,46.32,11.11,8.48,19.8,82.53,1
2019-01-06T17:23:28Z,45.18,10.23,9.88,20.76,81.77,1
2019-01-06T17:23:43Z,47.22,8.49,9.78,19.94,82.7,1
2019-01-06T17:23:58Z,48.04,8.09,11.03,18.52,82.39,1
2019-01-06T17:24:13Z,49.26,8.37,11.88,17.55,82.31,1
2019-01-06T17:24:28Z,49.73,7.44,13.08,16.18,82.81,1
2019-01-06T17:24:43Z,48.26,6.48,11.4,15.99,82.44,1
2019-01-06T17:24:58Z,46.59,5.19,13,16.81,82.22,1
2019-01-06T17:25:13Z,48.35,5.77,14.06,16,81.97,1
2019-01-06T17:25:28Z,47.58,5.26,14.78,16.52,82.59,1
2019-01-06T17:25:43Z,48.29,3.9,15.15,14.96,82.94,1
2019-01-06T17:25:58Z,46.86,4.81,15.4,14.31,82.37,1
2019-01-06T17:26:13Z,45.91,6.62,14.98,14.37,81.8,1
2019-01-06T17:26:28Z,48.43,5.67,13.8,13.39,81.91,1
2019-01-06T17:26:43Z,47.86,6.36,14.3,12.48,81.54,1
2019-01-06T17:26:58Z,46.93,7.29,14.8,13.73,80.95,1
2019-01-06T17:27:13Z,47.16,6.23,16.61,14.87,80.45,1
2019-01-06T17:27:28Z,48.5,5.28,16.31,15.59,80.96,1
2019-01-06T17:27:43Z,49.02,5.22,15.32,16.11,81.35,1
2019-01-06T17:27:58Z,51.14,5.12,14.45,16.97,82.21,1
2019-01-06T17:28:13Z,49.74,5.72,13.92,16.3,83.17,1
2019-01-06T17:28:28Z,49.81,7.32,14.76,17.83,83.77,1
2019-01-06T17:28:43Z,49.48,8.9,16.21,18.49,82.95,1
2019-01-06T17:28:58Z,47.26,10.24,14.94,19.85,81.94,1
2019-01-06T17:29:13Z,46.84,11.52,13.14,18.73,82.24,1
2019-01-06T17:29:28Z,47.23,11.01,11.34,17.96,81.75,1
2019-01-06T17:29:43Z,48.66,9.81,12.08,18.85,82.82,1
2019-01-06T17:29:58Z,47.54,10.59,13.06,20.36,83.21,1
2019-01-06T17:30:13Z,45.43,10.19,14.83,20.42,82.93,1
2019-01-06T17:30:28Z,47.18,11.18,14.98,21.07,82.13,1
2019-01-06T17:30:43Z,48.43,9.3,14.71,19.54,81.75,1
2019-01-06T17:30:58Z,48.41,10.6,15.42,18.52,82.21,1
2019-01-06T17:31:13Z,49.74,10.52,14.77,19.1,81.5,1
2019-01-06T17:31:28Z,51.01,11.55,13.95,18.73,80.55,1
2019-01-06T17:31:43Z,52.96,12.26,13.91,18.34,79.71,1
2019-01-06T17:31:58Z,51.98,11.68,12.25,19.89,79.91,1
2019-01-06T17:32:13Z,50.83,11.25,13.17,20.91,79.14,1
2019-01-06T17:32:28Z,49.21,10.3,13.03,20.36,78.59,1
2019-01-06T17:32:43Z,46.87,11.41,11.33,19.2,79.07,1
2019-01-06T17:32:58Z,47.34,11.8,11.69,20.38,78.2,1
2019-01-06T17:33:13Z,48.8,11.35,13.51,21.53,78.47,1
2019-01-06T17:33:28Z,51.34,9.74,13.61,22.25,77.32,1
2019-01-06T17:33:43Z,49.39,9.91,15,20.71,76.75,1
2019-01-06T17:33:58Z,51.69,11.69,15.6,21.93,76.03,1
2019-01-06T17:34:13Z,52.68,12.11,15.02,20.87,75.88,1
2019-01-06T17:34:28Z,52.16,11.52,15.68,20.28,74.76,1
2019-01-06T17:34:43Z,53.15,10.4,16.3,20.87,75.11,1
2019-01-06T17:34:58Z,51.47,9.59,17.16,21.58,75.46,1
2019-01-06T17:35:13Z,50.83,11.14,16.41,21.6,76.34,1
2019-01-06T17:35:28Z,50.67,9.88,15.97,20.61,77.12,1
2019-01-06T17:35:43Z,48.25,10.04,16.47,19.41,77.09,1
2019-01-06T17:35:58Z,48.26,8.49,14.65,17.87,77.97,1
2019-01-06T17:36:13Z,45.73,9.52,14.66,17.25,77.55,1
2019-01-06T17:36:28Z,46.38,10.39,12.86,15.7,77.37,1
2019-01-06T17:36:43Z,47.08,10.71,12.47,17.27,76.8,1
2019-01-06T17:36:58Z,48.08,8.86,12.57,16.93,76.18,1
2019-01-06T17:37:13Z,47.63,10.69,13.84,16.7,75.55,1
2019-01-06T17:37:28Z,47.19,10.54,14.42,15.32,74.45,1
2019-01-06T17:37:43Z,46.05,10.67,12.6,14.77,73.31,1
2019-01-06T17:37:58Z,48.02,11.58,10.93,14.65,73.66,1
2019-01-06T17:38:13Z,48.47,11.96,12.51,14.95,73.71,1
2019-01-06T17:38:28Z,48.3,10.28,12.83,16.36,74.08,1
2019-01-06T17:38:43Z,50.53,10.91,11.87,17.04,75.26,1
2019-01-06T17:38:58Z,52.53,12.24,12.11,15.99,75.68,1
2019-01-06T17:39:13Z,50.95,10.6,12.47,16.05,74.82,1
2019-01-06T17:39:28Z,52.26,12.22,12.63,16.71,74.71,1
2019-01-06T17:39:43Z,54.12,13.75,11.17,17.83,73.79,1
2019-01-06T17:39:58Z,56.05,14.45,10.61,16.7,72.78,1
2019-01-06T17:40:13Z,57.55,14.84,10.74,16.36,73.59,1
2019-01-06T17:40:28Z,57.28,14.29,11.37,15.45,73.8,1
2019-01-06T17:40:43Z,54.95,14.36,12.14,13.89,74.47,1
2019-01-06T17:40:58Z,52.92,16.2,12.4,14.24,73.91,1
2019-01-06T17:41:13Z,53.22,15.2,11.23,14.65,73.98,1
2019-01-06T17:41:28Z,51.08,15.5,9.52,13.97,74.35,1
2019-01-06T17:41:43Z,52.23,16.45,10.6,12.98,74.35,1
2019-01-06T17:41:58Z,54.41,14.92,11.28,12.01,73.23,1
2019-01-06T17:42:13Z,54.31,14.87,12.69,10.43,73.46,1
2019-01-06T17:42:28Z,53.28,15.12,13.8,9.92,72.32,1
2019-01-06T17:42:43Z,52.71,13.4,14.7,8.5,72.39,1
2019-01-06T17:42:58Z,53.06,13.62,15.9,8.57,72.18,1
2019-01-06T17:43:13Z,53.42,12.72,17.16,8.91,72.67,1
2019-01-06T17:43:28Z,54.26,11.99,17.39,8.75,71.5,1
2019-01-06T17:43:43Z,55.47,12.88,17.42,7.34,72.17,1
2019-01-06T17:43:58Z,57.35,12.82,19.07,6.25,72.82,1
2019-01-06T17:44:13Z,55.86,14.57,19.77,4.69,72.82,1
2019-01-06T17:44:28Z,58.1,14.92,19.39,5.42,73.3,1
2019-01-06T17:44:43Z,60.56,14.07,19.36,6.1,72.15,1
2019-01-06T17:44:58Z,62.31,12.56,19.13,5.28,72.01,1
2019-01-06T17:45:13Z,59.89,12.79,18.94,5.28,70.97,1
2019-01-06T17:45:28Z,61.68,12.21,19.76,3.84,71.04,1
2019-01-06T17:45:43Z,63.88,13.29,21.53,3.26,72.04,1
2019-01-06T17:45:58Z,63.59,12.09,20.96,4.8,71,1
2019-01-06T17:46:13Z,62.83,12.51,21.19,4.6,70.65,1
2019-01-06T17:46:28Z,63.4,11.9,21.16,3.59,70.27,1
2019-01-06T17:46:43Z,64.79,11.11,20.07,3.67,71.41,1
2019-01-06T17:46:58Z,63.65,9.37,21.39,2.47,71.35,1
2019-01-06T17:47:13Z,65.26,8.94,19.6,2.86,71.88,1
2019-01-06T17:47:28Z,66.24,7.78,20.53,1.8,72.51,1
2019-01-06T17:47:43Z,68.45,9.5,21.05,2.61,72.06,1
2019-01-06T17:47:58Z,65.92,8.54,22.21,1.31,72.01,1
2019-01-06T17:48:13Z,66.94,8.49,20.46,2.55,71,1
2019-01-06T17:48:28Z,65.09,8.13,18.82,2.61,70.83,1
2019-01-06T17:48:43Z,65.51,8.21,17.57,2.38,71.97,1
2019-01-06T17:48:58Z,65.61,8.51,16.22,2.72,72.97,1
2019-01-06T17:49:13Z,64.76,7.83,14.96,3.83,73.06,1
2019-01-06T17:49:28Z,63.33,6.65,13.26,2.53,73.23,1
2019-01-06T17:49:43Z,62.18,6.26,11.43,1.95,73.17,1
2019-01-06T17:49:58Z,60.4,7.19,11.86,1.18,73.42,1
2019-01-06T17:50:13Z,59.15,5.31,11.14,0,73.82,1
2019-01-06T17:50:28Z,58.08,4.68,11.37,0,74.41,1
2019-01-06T17:50:43Z,57.55,5.83,11.31,1.13,74.8,1
2019-01-06T17:50:58Z,59.98,7.29,12.75,2.33,73.85,1
2019-01-06T17:51:13Z,61,8.38,12.33,2.09,73.75,1
2019-01-06T17:51:28Z,61.07,7.71,12.71,1.26,74.1,1
2019-01-06T17:51:43Z,61.62,9.26,11.73,0.64,72.97,1
2019-01-06T17:51:58Z,61.33,7.45,10.78,0,71.93,1
2019-01-06T17:52:13Z,62.9,7.98,9.44,1.25,72.23,1
2019-01-06T17:52:28Z,63.29,6.35,7.63,0.03,71.24,1
2019-01-06T17:52:43Z,62.33,6.74,8.8,0.07,70.12,1
2019-01-06T17:52:58Z,61.29,5.88,10.12,0,71.29,1
2019-01-06T17:53:13Z,60.97,5.98,8.81,0,71.8,1
2019-01-06T17:53:28Z,61.61,7.16,7.39,0,71,1
2019-01-06T17:53:43Z,60.54,5.82,9.14,0,70.22,1
2019-01-06T17:53:58Z,62.54,5.59,9.77,1.54,69.9,1
2019-01-06T17:54:13Z,64.71,5.44,10.34,0.67,69.09,1
2019-01-06T17:54:28Z,66.82,6.69,11.71,2.23,70.26,1
2019-01-06T17:54:43Z,68.42,7.73,12.78,2.14,70.53,1
2019-01-06T17:54:58Z,70.78,9.22,14.46,3.57,71.21,2
2019-01-06T17:55:13Z,70.29,8.7,15.55,3.83,70.81,2
2019-01-06T17:55:28Z,71.51,8.79,15.04,2.45,69.63,2
2019-01-06T17:55:43Z,73.91,10.4,16.05,1.52,68.49,2
2019-01-06T17:55:58Z,73.59,9.8,15.68,1.36,67.86,2
2019-01-06T17:56:13Z,72.42,9.41,14.77,0.91,66.94,2
2019-01-06T17:56:28Z,72.07,8.33,16.45,1.69,65.82,2
2019-01-06T17:56:43Z,72.34,9.43,16.8,2.21,65.21,2
2019-01-06T17:56:58Z,74.09,11.06,18.03,1.73,65.21,2
2019-01-06T17:57:13Z,73.51,11.83,16.72,0.17,65.93,2
2019-01-06T17:57:28Z,72.46,13.38,16.57,1.72,65.78,2
2019-01-06T17:57:43Z,70.34,14.86,15.1,0.43,66.94,2
2019-01-06T17:57:58Z,70.38,13.61,13.25,0,67.26,2
2019-01-06T17:58:13Z,68.57,14.44,13.11,1.6,67.24,1
2019-01-06T17:58:28Z,70.37,13.09,13.01,0.76,66.64,2
2019-01-06T17:58:43Z,70.13,11.78,13.99,2.01,66.46,2
2019-01-06T17:58:58Z,72.39,11.85,14.95,1.13,66.8,2
2019-01-06T17:59:13Z,69.88,10.36,15.63,1.19,66.21,1
2019-01-06T17:59:28Z,69.91,11.73,13.89,0.22,65.6,1
2019-01-06T17:59:43Z,68.21,12.97,13.24,0,66.5,1
2019-01-06T17:59:58Z,65.87,12.38,11.97,0.78,67.27,1
2019-01-06T18:00:13Z,63.68,13.37,12.71,1.2,67.62,1
2019-01-06T18:00:28Z,62.01,11.58,12.74,1.39,67.14,1
2019-01-06T18:00:43Z,61.94,11.4,11.04,2.68,66.58,1
2019-01-06T18:00:58Z,61.56,10.07,9.53,1.67,67.38,1
2019-01-06T18:01:13Z,63.94,9.49,8.9,0.93,67.57,1
2019-01-06T18:01:28Z,62.97,8.15,10.33,1.64,67.57,1
2019-01-06T18:01:43Z,60.99,9.24,10.74,0.35,66.59,1
2019-01-06T18:01:58Z,62.5,10.56,9.91,0,66.97,1
2019-01-06T18:02:13Z,62.82,9.71,10.04,0,68.13,1
2019-01-06T18:02:28Z,64.24,10.48,8.9,0,67.74,1
2019-01-06T18:02:43Z,62.87,9.27,10.49,0.81,67.41,1
2019-01-06T18:02:58Z,62.62,8.81,8.61,1.54,67,1
2019-01-06T18:03:13Z,64.6,8.99,9.44,0.67,67.73,1
2019-01-06T18:03:28Z,66.77,9.56,9.68,0,67.93,1
2019-01-06T18:03:43Z,66.88,10.67,7.87,1.39,66.95,1
2019-01-06T18:03:58Z,68.48,9.05,7.02,0,66.27,1
2019-01-06T18:04:13Z,67.58,7.95,5.75,0,66.78,1
2019-01-06T18:04:28Z,69.88,8.71,6,1.5,66.86,1
2019-01-06T18:04:43Z,69.7,6.99,7.48,2.39,67.51,1
2019-01-06T18:04:58Z,67.88,7.33,7.52,2.65,68.44,1
2019-01-06T18:05:13Z,66.76,6.1,8.05,2.37,69.23,1
2019-01-06T18:05:28Z,69.06,5.32,6.27,1.48,68.44,1
2019-01-06T18:05:43Z,69.71,3.92,4.66,1.43,67.37,1
2019-01-06T18:05:58Z,70.47,4.01,3.17,1.77,67.36,2
2019-01-06T18:06:13Z,70.1,5.67,2.04,2.44,66.38,2
2019-01-06T18:06:28Z,68.7,5.18,2.1,2.53,66.86,1
2019-01-06T18:06:43Z,70,4.99,0.25,3.2,66.7,1
2019-01-06T18:06:58Z,68.98,6.27,2.08,3.86,66.43,1
2019-01-06T18:07:13Z,67.1,6.54,1.71,3.02,66.01,1
2019-01-06T18:07:28Z,67.18,5.64,0.51,2.79,65.41,1
2019-01-06T18:07:43Z,65.73,5.67,0,1.52,65.19,1
2019-01-06T18:07:58Z,63.3,7.52,0,0.11,64.24,1
2019-01-06T18:08:13Z,60.81,7.56,0,0.37,64.32,1
2019-01-06T18:08:28Z,61.65,8.05,0.24,1.05,63.73,1
2019-01-06T18:08:43Z,64.11,6.34,0,1.8,63.91,1
2019-01-06T18:08:58Z,65.96,6.88,0.28,0.63,63.79,1
2019-01-06T18:09:13Z,67.9,5.93,0.49,1.63,64.97,1
2019-01-06T18:09:28Z,69.06,7.44,0.65,1.47,64.47,1
2019-01-06T18:09:43Z,66.63,9.24,0,0,65.15,1
2019-01-06T18:09:58Z,66.54,8.28,0,0,64.75,1
2019-01-06T18:10:13Z,64.76,9.11,0,0.33,64.63,1
2019-01-06T18:10:28Z,67.3,8.47,0,0,65.47,1
2019-01-06T18:10:43Z,68.42,6.66,0.18,0.03,65.82,1
2019-01-06T18:10:58Z,68.81,6.31,0.46,0,66.31,1
2019-01-06T18:11:13Z,70.65,7.32,0,0,65.64,2
2019-01-06T18:11:28Z,69.94,8.84,0,0,64.91,1
2019-01-06T18:11:43Z,70.85,7.87,0,0.21,64.15,2
2019-01-06T18:11:58Z,72.53,9.55,0,0.35,63.71,2
2019-01-06T18:12:13Z,74.69,11.41,0,0.91,62.83,2
2019-01-06T18:12:28Z,77.22,12.14,1.49,0.04,63.02,2
2019-01-06T18:12:43Z,77.78,12.61,1.07,0.01,62.82,2
2019-01-06T18:12:58Z,75.26,13.55,0,0,61.92,2
2019-01-06T18:13:13Z,73.53,13.57,0,0,60.93,2
2019-01-06T18:13:28Z,72.91,13.14,0,0.13,61.68,2
2019-01-06T18:13:43Z,70.6,13.73,1.04,0.23,60.74,2
2019-01-06T18:13:58Z,72.38,14.76,0.45,0,61.19,2
2019-01-06T18:14:13Z,74.85,13.53,2.07,0,60.66,2
2019-01-06T18:14:28Z,73.87,12.94,2.73,0.27,60.43,2
2019-01-06T18:14:43Z,74.63,13.13,4.18,0,59.36,2
2019-01-06T18:14:58Z,73.34,11.51,2.93,0,59.06,2
2019-01-06T18:15:13Z,73.95,11.44,4.13,0,59.13,2
2019-01-06T18:15:28Z,72.96,11.68,3.71,0,59,2
2019-01-06T18:15:43Z,72.31,11.01,3.5,1.06,59.24,2
2019-01-06T18:15:58Z,70.93,12.83,5.19,0,58.41,2
2019-01-06T18:16:13Z,73.16,11.51,4.98,0,57.58,2
2019-01-06T18:16:28Z,72.38,9.66,4.44,0.48,57.27,2
2019-01-06T18:16:43Z,73.02,9.67,3.65,0,56.48,2
2019-01-06T18:16:58Z,73.04,8.49,3.44,0,57.43,2
2019-01-06T18:17:13Z,71.44,8.02,4.93,0,56.34,2
2019-01-06T18:17:28Z,71.85,8.61,6.31,0,57.15,2
2019-01-06T18:17:43Z,69.97,8.7,5.2,0,56.84,1
2019-01-06T18:17:58Z,70.28,9.73,4.36,0,57.89,2
2019-01-06T18:18:13Z,69.85,11.48,3.01,0,58.48,1
2019-01-06T18:18:28Z,70.24,12.95,2.84,0.76,59.03,2
2019-01-06T18:18:43Z,69.24,11.31,1.4,0,58.38,1
2019-01-06T18:18:58Z,69.55,9.92,2.41,0,59.27,1
2019-01-06T18:19:13Z,69.09,10.31,1.1,1.4,58.78,1
2019-01-06T18:19:28Z,69.99,11.26,0.08,2.89,57.72,1
2019-01-06T18:19:43Z,72.51,10.05,0,1.9,56.71,2
2019-01-06T18:19:58Z,74.29,8.7,0,1.41,56.89,2
2019-01-06T18:20:13Z,74.41,10.34,0,2.49,57.37,2
2019-01-06T18:20:28Z,74.84,9.33,0,2.2,57.75,2
2019-01-06T18:20:43Z,77.03,8.05,0.73,1.94,56.98,2
2019-01-06T18:20:58Z,76.37,8,0.8,0.41,56.48,2
2019-01-06T18:21:13Z,77.25,6.78,2.67,1.87,55.47,2
2019-01-06T18:21:28Z,77.8,6.9,1.45,1.46,55.67,2
2019-01-06T18:21:43Z,80.05,6.26,2.94,2.94,55.55,2
2019-01-06T18:21:58Z,79.57,5.21,1.54,1.91,56.65,2
2019-01-06T18:22:13Z,77.77,6.36,2.24,2.22,56.09,2
2019-01-06T18:22:28Z,79.97,7.54,0.8,3.25,56.23,2
2019-01-06T18:22:43Z,79.63,9.1,1.32,1.96,56.3,2
2019-01-06T18:22:58Z,79.12,10.53,0.37,1.95,55.38,2
2019-01-06T18:23:13Z,77.29,10.39,2,1.6,54.94,2
2019-01-06T18:23:28Z,79.06,12.13,1.27,1.97,55.61,2
2019-01-06T18:23:43Z,76.84,13.32,2.22,2.29,55.13,2
2019-01-06T18:23:58Z,78.27,12.93,2.87,1.82,54.92,2
2019-01-06T18:24:13Z,79.08,11.93,3.13,3.25,55,2
2019-01-06T18:24:28Z,81.13,13.32,2.61,2.15,55.17,2
2019-01-06T18:24:43Z,81.76,12.09,3.18,0.7,56.08,2
2019-01-06T18:24:58Z,83.93,11.54,3.87,2.03,56.69,2
2019-01-06T18:25:13Z,83.89,12.65,3.36,1.37,57.26,2
2019-01-06T18:25:28Z,83.11,12.99,2.44,1.53,56.48,2
2019-01-06T18:25:43Z,81.92,11.45,3.21,0.93,55.76,2
2019-01-06T18:25:58Z,81.67,11.44,2.85,1.56,54.61,2
2019-01-06T18:26:13Z,80.83,13.22,4.43,2.11,55.11,2
2019-01-06T18:26:28Z,83.26,14.02,5.04,0.54,55.03,2
2019-01-06T18:26:43Z,82.38,12.14,3.94,1.35,55.79,2
2019-01-06T18:26:58Z,84.06,11.59,2.29,1.72,55.01,2
2019-01-06T18:27:13Z,84.77,10.08,2.61,0.13,55.08,2
2019-01-06T18:27:28Z,84.05,10.86,1.67,0,55.47,2
2019-01-06T18:27:43Z,83,9.15,3.06,0,55.41,2
2019-01-06T18:27:58Z,84,7.7,4.48,0,54.35,2
2019-01-06T18:28:13Z,83.28,6.06,4.5,1.35,53.51,2
2019-01-06T18:28:28Z,81.46,5.3,5.52,1.5,54.02,2
2019-01-06T18:28:43Z,79.49,4.34,4.85,2.51,54.83,2
2019-01-06T18:28:58Z,80.44,3.73,3.74,4.07,53.69,2
2019-01-06T18:29:13Z,78.49,1.85,3.03,3.59,52.65,2
2019-01-06T18:29:28Z,78.07,0.56,4.69,2.15,51.57,2
2019-01-06T18:29:43Z,76.37,0,4.36,3.63,50.64,2
2019-01-06T18:29:58Z,78.49,0,5.79,2.14,49.74,2
2019-01-06T18:30:13Z,79.91,0,5.09,2.79,48.91,2
2019-01-06T18:30:28Z,78.89,1.19,3.95,1.78,49.87,2
2019-01-06T18:30:43Z,79.96,0.64,4.33,2.45,49.42,2
2019-01-06T18:30:58Z,79.93,1.23,5.35,2.29,50.08,2
2019-01-06T18:31:13Z,78.32,0.95,6.86,0.83,49.13,2
2019-01-06T18:31:28Z,77.33,1.21,5.63,0,49.03,2
2019-01-06T18:31:43Z,77.88,2.73,4.63,0,49.91,2
2019-01-06T18:31:58Z,78.01,1.39,4.48,0.9,50.64,2
2019-01-06T18:32:13Z,80.38,1.22,5.77,2.21,51.06,2
2019-01-06T18:32:28Z,80.33,1.26,6.05,2.02,51.22,2
2019-01-06T18:32:43Z,78.36,1.85,7.25,0.64,50.15,2
2019-01-06T18:32:58Z,80.28,3.18,7.61,0.41,50.3,2
2019-01-06T18:33:13Z,81.11,4.91,9.07,0.23,49.99,2
2019-01-06T18:33:28Z,82.71,6.58,9.88,0,50.82,2
2019-01-06T18:33:43Z,83.85,5.64,9.9,0,50.38,2
2019-01-06T18:33:58Z,82.77,4.99,11.12,1.52,50.51,2
2019-01-06T18:34:13Z,84,5.95,10.08,0.16,49.75,2
2019-01-06T18:34:28Z,83.77,4.63,11.48,1.02,49.41,2
2019-01-06T18:34:43Z,81.9,5.03,13.2,2.53,48.48,2
2019-01-06T18:34:58Z,82.83,6.04,13.69,2.97,49.54,2
2019-01-06T18:35:13Z,81.49,5.04,13.59,4.27,50.09,2
2019-01-06T18:35:28Z,81.78,5.25,12.95,4.25,51.22,2
2019-01-06T18:35:43Z,83.39,5.93,11.13,5.01,51.41,2
2019-01-06T18:35:58Z,82.62,6.62,10.65,4.18,50.98,2
2019-01-06T18:36:13Z,83.54,5.41,11.52,3.6,50.35,2
2019-01-06T18:36:28Z,81.98,6.2,12.47,4.04,49.97,2
2019-01-06T18:36:43Z,82.02,7.93,13.26,3.8,50.02,2
2019-01-06T18:36:58Z,83.41,8.14,14.48,4.35,49.21,2
2019-01-06T18:37:13Z,84.18,7.73,13.02,5.28,49.36,2
2019-01-06T18:37:28Z,82.34,9.21,11.94,4.95,49.75,2
2019-01-06T18:37:43Z,83.79,9.91,10.97,6.5,49.26,2
2019-01-06T18:37:58Z,84.37,9.55,12.68,5.65,50.01,2
2019-01-06T18:38:13Z,82.82,9.17,11.87,6,50.41,2
2019-01-06T18:38:28Z,83.33,10.64,12.1,7.44,49.31,2
2019-01-06T18:38:43Z,84.75,10.88,12.39,7.72,49.55,2
2019-01-06T18:38:58Z,84.03,9.85,12.7,6.82,48.99,2
2019-01-06T18:39:13Z,82.66,8.73,14.5,7.56,48.31,2
2019-01-06T18:39:28Z,82.15,7.27,15.46,6.01,47.26,2
2019-01-06T18:39:43Z,84.04,7.58,14.78,4.55,48.41,2
2019-01-06T18:39:58Z,82.91,8.21,13.73,4.61,49.47,2
2019-01-06T18:40:13Z,84.91,6.84,12.4,3.28,50.46,2
2019-01-06T18:40:28Z,86.06,7.74,11.18,3.04,50.9,2
2019-01-06T18:40:43Z,86.82,8.4,11.75,1.64,50.46,2
2019-01-06T18:40:58Z,86.78,10.25,13.24,1.9,50,2
2019-01-06T18:41:13Z,85.06,9.08,11.75,2.24,49.27,2
2019-01-06T18:41:28Z,86.68,9.74,11.69,3.2,49.68,2
2019-01-06T18:41:43Z,88.19,10.31,11.46,3.33,48.62,2
2019-01-06T18:41:58Z,86.78,10.21,10.59,3.98,48.87,2
2019-01-06T18:42:13Z,88.51,8.72,10.37,3.74,47.71,2
2019-01-06T18:42:28Z,88.36,7.9,8.94,3.43,46.85,2
2019-01-06T18:42:43Z,89.25,6.42,7.9,3.84,46.78,2
2019-01-06T18:42:58Z,87.66,7.67,8.88,2.28,46.2,2
2019-01-06T18:43:13Z,89.15,9.26,9.34,3.23,45.27,2
2019-01-06T18:43:28Z,89.73,8.68,9.54,3.55,44.52,2
2019-01-06T18:43:43Z,87.35,8.92,10.27,2.11,44.04,2
2019-01-06T18:43:58Z,88.45,7.94,9.12,2.84,43.07,2
2019-01-06T18:44:13Z,87.89,9.17,7.32,3.19,41.93,2
2019-01-06T18:44:28Z,87.55,7.7,8.08,1.99,41.76,2
2019-01-06T18:44:43Z,87.66,5.96,9.74,2.6,42.45,2
2019-01-06T18:44:58Z,88.39,4.93,9.15,1.37,41.85,2
2019-01-06T18:45:13Z,89.63,6.37,9.67,1.46,42.78,2
2019-01-06T18:45:28Z,90.16,7.15,10.65,0.97,42.89,2
2019-01-06T18:45:43Z,88.77,8.8,12.24,2,41.96,2
2019-01-06T18:45:58Z,87.16,10.14,11.3,3.54,42.64,2
2019-01-06T18:46:13Z,85.72,8.94,12.14,3.64,42.82,2
2019-01-06T18:46:28Z,83.63,9.68,11.6,2.78,41.82,2
2019-01-06T18:46:43Z,84,8.4,10.42,4,41.57,2
2019-01-06T18:46:58Z,83.84,9.26,11.44,3.24,40.61,2
2019-01-06T18:47:13Z,83.51,10.09,11.28,1.91,41.3,2
2019-01-06T18:47:28Z,82.48,10.73,10.56,1.64,41.85,2
2019-01-06T18:47:43Z,79.97,9.77,10.7,0.63,41.29,2
2019-01-06T18:47:58Z,80.01,8.26,10.51,0,41.71,2
2019-01-06T18:48:13Z,81.56,6.99,10.59,0,41.4,2
2019-01-06T18:48:28Z,82.1,7.34,10.57,1.52,42.49,2
2019-01-06T18:48:43Z,80.87,7.95,11.16,0.39,43.09,2
2019-01-06T18:48:58Z,79.94,9.77,12.12,0,43.87,2
2019-01-06T18:49:13Z,81.03,11.14,11.66,0,45,2
2019-01-06T18:49:28Z,81.91,10.05,10.52,0.37,44.94,2
2019-01-06T18:49:43Z,79.9,10.67,10.59,0,45.67,2
2019-01-06T18:49:58Z,80.82,9.08,8.73,0.4,45.12,2
2019-01-06T18:50:13Z,80.51,8.54,8.91,1.07,44.69,2
2019-01-06T18:50:28Z,79.15,8.15,9.93,2.57,44.82,2
2019-01-06T18:50:43Z,78.97,9.21,9.96,2.66,45.06,2
2019-01-06T18:50:58Z,76.82,7.37,10.85,1.78,44.73,2
2019-01-06T18:51:13Z,77.59,5.53,11.9,0.29,44.95,2
2019-01-06T18:51:28Z,78.06,7.28,11.18,0.29,45.4,2
2019-01-06T18:51:43Z,76.97,8.34,11.02,1.62,45.61,2
2019-01-06T18:51:58Z,77.07,6.94,10.77,1.8,46.61,2
2019-01-06T18:52:13Z,77.96,5.52,10.93,2.3,45.58,2
2019-01-06T18:52:28Z,76.51,4.44,11.2,2.7,45.64,2
2019-01-06T18:52:43Z,78.31,5.51,9.64,3.97,45.01,2
2019-01-06T18:52:58Z,76.48,4.05,11.29,4.02,45.08,2
2019-01-06T18:53:13Z,77.2,4.36,10.58,5.54,45.92,2
2019-01-06T18:53:28Z,75.26,2.78,10.39,4.6,45.83,2
2019-01-06T18:53:43Z,75.36,1.97,9.9,5.69,45.4,2
2019-01-06T18:53:58Z,76.38,3.28,9.79,5.96,45.47,2
2019-01-06T18:54:13Z,76.96,2.84,11.56,5.9,46.41,2
2019-01-06T18:54:28Z,76,2.84,12.07,5.65,47.06,2
2019-01-06T18:54:43Z,78.18,4.35,10.59,5.84,47.7,2
2019-01-06T18:54:58Z,80.43,3.95,11.28,5.71,48.77,2
2019-01-06T18:55:13Z,79.18,2.42,11.73,5.68,48,2
2019-01-06T18:55:28Z,80.27,2.47,11.29,5.6,47.07,2
2019-01-06T18:55:43Z,81.56,3.08,9.8,5.04,46.61,2
2019-01-06T18:55:58Z,79.43,1.75,9.17,5.59,45.95,2
2019-01-06T18:56:13Z,80.52,3.25,9.25,5.6,46.57,2
2019-01-06T18:56:28Z,81.31,2.71,10.3,6.82,47.7,2
2019-01-06T18:56:43Z,82.84,3.04,11.32,6.55,48.56,2
2019-01-06T18:56:58Z,84.96,3.48,10.12,7.82,49.17,2
2019-01-06T18:57:13Z,82.61,3.37,11.29,8.49,48.26,2
2019-01-06T18:57:28Z,81.95,1.78,10.13,8.25,47.71,2
2019-01-06T18:57:43Z,84.11,0,8.86,9.22,48.67,2
2019-01-06T18:57:58Z,82.29,0,10.24,10.37,49.47,2
2019-01-06T18:58:13Z,82.48,0,10.31,11.75,49.91,2
2019-01-06T18:58:28Z,81.88,0,8.54,11.88,49.65,2
2019-01-06T18:58:43Z,83.87,0,9.93,10.59,49.89,2
2019-01-06T18:58:58Z,82.69,0,8.1,11.87,50.16,2
2019-01-06T18:59:13Z,83.14,1.19,8,11,49.32,2
2019-01-06T18:59:28Z,80.68,1.66,7.88,9.97,48.98,2
2019-01-06T18:59:43Z,78.66,0.01,7.84,8.55,49.49,2
2019-01-06T18:59:58Z,77.28,0,6.33,10.12,50.2,2
2019-01-06T19:00:13Z,78.63,1.08,5.14,11.19,49.66,2
2019-01-06T19:00:28Z,76.93,0.71,4.59,12.65,49.21,2
2019-01-06T19:00:43Z,78.82,0.06,5.43,12.18,49.97,2
2019-01-06T19:00:58Z,79.46,1.84,6.82,11.43,49.43,2
2019-01-06T19:01:13Z,79.76,2.78,6.04,11.68,49.3,2
2019-01-06T19:01:28Z,80.64,1.69,5.42,11.5,50.24,2
2019-01-06T19:01:43Z,80.45,0.26,6.24,12.98,50.79,2
2019-01-06T19:01:58Z,81.12,0.04,4.72,11.65,50.87,2
2019-01-06T19:02:13Z,80.86,0,3.38,10.91,50.49,2
2019-01-06T19:02:28Z,79.26,0,3.93,10.74,49.46,2
2019-01-06T19:02:43Z,77.93,0,5.21,12.19,50.5,2
2019-01-06T19:02:58Z,77.3,0.78,4.16,13.5,51,2
2019-01-06T19:03:13Z,77.86,0.97,4.18,13.73,49.89,2
2019-01-06T19:03:28Z,78.16,2.65,3.47,12.93,50.42,2
2019-01-06T19:03:43Z,78.71,3.28,2.13,12.48,50.82,2
2019-01-06T19:03:58Z,79.66,3.23,2.08,13.03,50.9,2
2019-01-06T19:04:13Z,80.15,2.37,0.37,11.46,50.55,2
2019-01-06T19:04:28Z,80.36,3.13,1.92,11.4,49.95,2
2019-01-06T19:04:43Z,80.09,3.25,2.9,11.48,49.69,2
2019-01-06T19:04:58Z,79.67,3.39,2.77,11.77,49.27,2
2019-01-06T19:05:13Z,80.53,4.12,4.45,13.23,50.35,2
2019-01-06T19:05:28Z,79.37,2.47,4.01,13.29,49.5,2
2019-01-06T19:05:43Z,77.1,1.81,2.29,14.05,50.1,2
2019-01-06T19:05:58Z,75.28,1.56,0.72,15.15,50.13,2
2019-01-06T19:06:13Z,74.03,3.31,1.97,16.73,49.94,2
2019-01-06T19:06:28Z,76.27,1.67,0.62,17.34,49.69,2
2019-01-06T19:06:43Z,76.73,1.25,0,17.92,48.7,2
2019-01-06T19:06:58Z,78.88,1.17,0.61,17.52,48.76,2
2019-01-06T19:07:13Z,79.27,2.47,1.01,17.25,48.3,2
2019-01-06T19:07:28Z,78.16,3.7,1.82,16.43,47.28,2
2019-01-06T19:07:43Z,79.08,4.98,0.25,15.48,46.72,2
2019-01-06T19:07:58Z,78.08,4.22,0,16.49,45.57,2
2019-01-06T19:08:13Z,78.01,2.88,0,16.66,44.56,2
2019-01-06T19:08:28Z,77.06,1.98,0,15.21,44.67,2
2019-01-06T19:08:43Z,74.54,0.19,1.81,13.79,44.95,2
2019-01-06T19:08:58Z,73.9,2.06,1.13,12.28,44.85,2
2019-01-06T19:09:13Z,72.55,1.85,2.25,13.79,43.7,2
2019-01-06T19:09:28Z,70.52,1.35,3.26,12.34,44.04,2
2019-01-06T19:09:43Z,70.84,1.42,2.16,13.2,45.18,2
2019-01-06T19:09:58Z,68.63,1.31,0.45,11.82,44.23,1
2019-01-06T19:10:13Z,66.91,2.74,0.48,12.28,45.28,1
2019-01-06T19:10:28Z,67.32,2.19,0.1,12.58,45.86,1
2019-01-06T19:10:43Z,67.48,2.71,1.42,11.93,46.44,1
2019-01-06T19:10:58Z,66.4,3.27,0.67,13.32,45.53,1
2019-01-06T19:11:13Z,66.96,4.57,2.44,12.59,45.04,1
2019-01-06T19:11:28Z,66.46,5.83,1.65,12.12,44.63,1
2019-01-06T19:11:43Z,65.3,6.1,3.01,11.38,44.35,1
2019-01-06T19:11:58Z,67.02,5.16,1.22,10.56,45.07,1
2019-01-06T19:12:13Z,66.24,5.24,2.04,10.79,45.49,1
2019-01-06T19:12:28Z,66.35,4.83,0.54,10.98,45.62,1
2019-01-06T19:12:43Z,64.89,5.75,0,10.54,45.45,1
2019-01-06T19:12:58Z,65.55,6.99,0.81,11.02,45.63,1
2019-01-06T19:13:13Z,63.2,7.68,0,10.72,46.57,1
2019-01-06T19:13:28Z,62.51,6.05,0.35,10.7,45.59,1
2019-01-06T19:13:43Z,64.39,6.04,0,11.84,46.43,1
2019-01-06T19:13:58Z,66.44,6.74,1.64,13.25,47.38,1
2019-01-06T19:14:13Z,68.43,7.94,1.12,14.4,47.36,1
2019-01-06T19:14:28Z,67.49,7.15,1.59,15.54,47.96,1
2019-01-06T19:14:43Z,68.99,8.72,2.04,15.65,49,1
2019-01-06T19:14:58Z,69.66,9.42,0.32,16.22,48.82,1
2019-01-06T19:15:13Z,71.03,9.99,0,16.35,48.55,2
2019-01-06T19:15:28Z,71.05,9.05,0.68,15.18,49.29,2
2019-01-06T19:15:43Z,70.63,8.76,1.52,15.53,49.52,2
2019-01-06T19:15:58Z,71.25,6.97,0,16.66,49.85,2
2019-01-06T19:16:13Z,71.79,5.78,0,17.47,49.6,2
2019-01-06T19:16:28Z,74.09,4.73,1.61,17.01,48.94,2
2019-01-06T19:16:43Z,72.51,6.52,0.71,18.13,47.83,2
2019-01-06T19:16:58Z,70.05,5.45,0,18.63,47.89,2
2019-01-06T19:17:13Z,71.24,6.35,0.07,18.62,46.93,2
2019-01-06T19:17:28Z,72.22,5.16,0,19.63,46.48,2
2019-01-06T19:17:43Z,73.59,6.93,1.07,18.83,47.66,2
2019-01-06T19:17:58Z,73.26,6.38,2.69,18.04,47.18,2
2019-01-06T19:18:13Z,71.8,5.89,2.77,17.1,46.69,2
2019-01-06T19:18:28Z,73.18,4.79,3.3,17.52,47.24,2
2019-01-06T19:18:43Z,71.88,4.49,2.98,17.33,46.86,2
2019-01-06T19:18:58Z,70.36,2.96,1.9,18.41,47.2,2
2019-01-06T19:19:13Z,68.72,1.63,1.04,19.42,48.34,1
2019-01-06T19:19:28Z,67.95,1.44,1.24,20.13,49.45,1
2019-01-06T19:19:43Z,65.53,0,0,19.6,48.32,1
2019-01-06T19:19:58Z,64.11,0,0,20.27,49.46,1
2019-01-06T19:20:13Z,66.14,0.85,0.91,21.24,49.79,1
2019-01-06T19:20:28Z,67.68,0.61,1.35,21.74,48.84,1
2019-01-06T19:20:43Z,67.37,1,0.42,23,48.26,1
2019-01-06T19:20:58Z,65.06,0.97,1.01,23.86,48.32,1
2019-01-06T19:21:13Z,66.68,0.04,0,24.83,47.61,1
2019-01-06T19:21:28Z,67.5,0,0,26.04,47.44,1
2019-01-06T19:21:43Z,69.2,0.26,0,25.4,47.23,1
2019-01-06T19:21:58Z,66.76,0,0.96,24.63,46.68,1
2019-01-06T19:22:13Z,64.24,0,0.54,25.68,47.54,1
2019-01-06T19:22:28Z,61.95,0,2.24,25.24,48.43,1
2019-01-06T19:22:43Z,63.39,0,4.08,24.95,47.83,1
2019-01-06T19:22:58Z,63.07,1.57,5.91,24.03,47.75,1
2019-01-06T19:23:13Z,64.82,1.56,5.04,25.17,48.77,1
2019-01-06T19:23:28Z,65.58,2.53,5.56,23.86,47.8,1
2019-01-06T19:23:43Z,66.93,2.65,6.47,24.55,46.9,1
2019-01-06T19:23:58Z,65.62,2.34,8.34,25.19,47.79,1
2019-01-06T19:24:13Z,65.9,2.5,7.36,26.48,48.03,1
2019-01-06T19:24:28Z,63.86,1.33,5.96,27.56,47.52,1
2019-01-06T19:24:43Z,64.95,0.81,6.53,27.83,46.83,1
2019-01-06T19:24:58Z,64.76,2.34,6.56,26.69,46.12,1
2019-01-06T19:25:13Z,63.38,2.74,4.67,25.32,46.65,1
2019-01-06T19:25:28Z,65.78,4.01,4.5,23.79,46.96,1
2019-01-06T19:25:43Z,63.26,5.01,3.05,24.07,46.28,1
2019-01-06T19:25:58Z,65.5,3.52,2.64,22.81,46.83,1
2019-01-06T19:26:13Z,67.88,4.08,0.75,22.1,47.13,1
2019-01-06T19:26:28Z,65.51,5.49,1.8,21.72,47.81,1
2019-01-06T19:26:43Z,66.06,3.76,2.22,20.64,46.85,1
2019-01-06T19:26:58Z,66.55,5.05,3.54,19.17,45.79,1
2019-01-06T19:27:13Z,66.97,5.62,4.66,19.27,45.08,1
2019-01-06T19:27:28Z,68.79,5.83,3.58,20.35,44.98,1
2019-01-06T19:27:43Z,66.36,7.6,4.15,21.03,45.15,1
2019-01-06T19:27:58Z,64,6.63,5.39,21.47,45.04,1
2019-01-06T19:28:13Z,64.03,8.52,5.2,21.77,45.26,1
2019-01-06T19:28:28Z,64.65,10.12,5.09,21.51,45.51,1
2019-01-06T19:28:43Z,63.65,10.1,5.47,21.01,44.69,1
2019-01-06T19:28:58Z,66.06,10.75,7.27,22.4,43.88,1
2019-01-06T19:29:13Z,64.53,9.71,8.56,22.26,43.51,1
2019-01-06T19:29:28Z,66.52,11.1,9.48,21.46,43.37,1
2019-01-06T19:29:43Z,65.65,12.06,7.73,20.56,43.93,1
2019-01-06T19:29:58Z,68.14,11.45,6.6,22.06,44.18,1
2019-01-06T19:30:13Z,67.19,13.31,5.97,21.03,43.08,1
2019-01-06T19:30:28Z,67.42,13.2,4.58,20.95,42,1
2019-01-06T19:30:43Z,68.57,11.6,3.51,21.96,41.84,1
2019-01-06T19:30:58Z,68.26,11.63,3.13,21.83,40.79,1
2019-01-06T19:31:13Z,67.32,12.73,2.98,20.42,40.05,1
2019-01-06T19:31:28Z,66.62,10.94,1.61,21.66,40.84,1
2019-01-06T19:31:43Z,68.43,12.45,0.36,21.53,40.47,1
2019-01-06T19:31:58Z,68.29,12.97,1.35,21.16,40.78,1
2019-01-06T19:32:13Z,68.82,11.16,1.69,21.85,40.1,1
2019-01-06T19:32:28Z,68.69,10.66,1.99,22.14,41.17,1
2019-01-06T19:32:43Z,66.76,10.54,3.82,22.2,40.9,1
2019-01-06T19:32:58Z,64.93,10.82,3.97,22.18,41.24,1
2019-01-06T19:33:13Z,64.9,9.33,4.51,21.35,41.24,1
2019-01-06T19:33:28Z,62.8,7.92,6.23,21.62,40.95,1
2019-01-06T19:33:43Z,60.94,6.69,6.81,20.72,41.96,1
2019-01-06T19:33:58Z,59.96,6.67,7.98,19.8,41.33,1
2019-01-06T19:34:13Z,60.27,7.96,7.82,19.81,42.17,1
2019-01-06T19:34:28Z,62.18,8.38,8.13,21.21,41.88,1
2019-01-06T19:34:43Z,61.32,8.73,9.73,21.54,42.19,1
2019-01-06T19:34:58Z,62.89,10.56,10.42,21.14,43.3,1
2019-01-06T19:35:13Z,62.22,11.95,12.16,21.46,43.84,1
2019-01-06T19:35:28Z,60.31,10.7,10.87,21.03,43.09,1
2019-01-06T19:35:43Z,60.02,9.43,12.61,22.28,43.58,1
2019-01-06T19:35:58Z,61.26,8.21,13.89,22.14,43.05,1
2019-01-06T19:36:13Z,61.97,8.08,13.95,20.83,42.15,1
2019-01-06T19:36:28Z,60.19,6.25,14.45,22.07,42.59,1
2019-01-06T19:36:43Z,62.6,6.86,15.87,22.85,42.18,1
2019-01-06T19:36:58Z,62.44,6.23,15.29,22.67,41.65,1
2019-01-06T19:37:13Z,63.24,6.52,14.16,23.96,41.12,1
2019-01-06T19:37:28Z,62.08,7.2,13.55,23.51,40.12,1
2019-01-06T19:37:43Z,63.11,6.61,13.05,23.68,39.29,1
2019-01-06T19:37:58Z,61.71,7.63,11.22,23.71,38.79,1
2019-01-06T19:38:13Z,63.97,7.33,11.17,22.76,39.67,1
2019-01-06T19:38:28Z,63.31,8.38,10.35,23.89,39.8,1
2019-01-06T19:38:43Z,65.26,6.81,11.15,22.5,40.98,1
2019-01-06T19:38:58Z,67.64,5.25,9.56,21.97,41.4,1
2019-01-06T19:39:13Z,65.57,4.06,10.53,23.22,42.2,1
2019-01-06T19:39:28Z,64.34,4.42,10.3,23.01,41.81,1
2019-01-06T19:39:43Z,62.29,2.53,10.65,21.43,42.61,1
2019-01-06T19:39:58Z,62.23,2.82,8.83,20.15,42.98,1
2019-01-06T19:40:13Z,61.8,3.25,8.36,21.35,44.1,1
2019-01-06T19:40:28Z,62.83,4.09,6.88,22.28,44.53,1
2019-01-06T19:40:43Z,62.11,4.9,6.42,21.08,44.55,1
